Impressions,From Home,From Hashtags,From Explore,From Other,Saves,Comments,Shares,Likes,Profile Visits,Follows,Caption,Hashtags,Timestamp,Content Type,CaptionLength,DayOfWeek,EngagementRate,HashtagCount,HashtagDensity,FromHomeRatio,FromHashtagsRatio,FromExploreRatio,FromOtherRatio,IsWeekend,Month,HourOfDay,NumOfHashtags
3920,2586,1028,619,56,98,9,5,162,35,2,important data visualization every financial data analystscientist know,#finance#money#business#investing#investment#trading#stockmarket#data#datascience#dataanalysis#dataanalytics#datascientist#machinelearning#python#pythonprogramming#pythonprojects#pythoncode#artificialintelligence#ai#dataanalyst#amankharwal#thecleverprogrammer,2024-05-14 22:59:29.747899160,carousel,8,1,0.0698979591836734,22,0.1111111111111111,0.6596938775510204,0.2622448979591836,0.1579081632653061,0.0142857142857142,0,5,22,22
5394,2727,1838,1174,78,194,7,14,224,48,10,best data science project idea healthcare want become data science professional healthcare domain must try work project,#healthcare#health#covid#data#datascience#dataanalysis#dataanalytics#datascientist#machinelearning#python#pythonprogramming#pythonprojects#pythoncode#artificialintelligence#ai#dataanalyst#amankharwal#thecleverprogrammer,2024-05-24 03:49:54.957983192,carousel,17,4,0.0813867259918427,18,0.0555555555555555,0.5055617352614016,0.3407489803485354,0.2176492398961809,0.014460511679644,0,5,3,18
4021,2085,1188,0,533,41,11,1,131,62,12,learn train machine learning model giving input trained model make prediction using python,#data#datascience#dataanalysis#dataanalytics#datascientist#machinelearning#python#pythonprogramming#pythonprojects#pythoncode#artificialintelligence#ai#deeplearning#machinelearningprojects#datascienceprojects#amankharwal#thecleverprogrammer#machinelearningmodels,2024-01-13 06:27:13.613445378,image,13,5,0.0457597612534195,18,0.0714285714285714,0.5185277294205421,0.2954488933101218,0.0,0.1325540910221338,1,1,6,18
4528,2700,621,932,73,172,10,7,213,23,8,here write python program detect whether sentence question idea find word see beginning question beginning sentence,#python#pythonprogramming#pythonprojects#pythoncode#pythonlearning#pythondeveloper#pythoncoding#pythonprogrammer#amankharwal#thecleverprogrammer#pythonprojects,2024-06-17 16:44:22.184873950,carousel,16,0,0.0887809187279152,11,0.0588235294117647,0.5962897526501767,0.1371466431095406,0.2058303886925795,0.0161219081272084,0,6,16,11
2518,1704,255,279,37,96,5,4,123,8,0,plotting annotation visualizing data considered good practice make graph selfexplanatory example annotate graph using python,#datavisualization#datascience#data#dataanalytics#machinelearning#dataanalysis#artificialintelligence#python#datascientist#bigdata#deeplearning#dataviz#ai#analytics#technology#dataanalyst#programming#pythonprogramming#statistics#coding#businessintelligence#datamining#tech#business#computerscience#tableau#database#thecleverprogrammer#amankharwal,2024-03-20 17:56:58.487394958,video,15,2,0.0905480540111199,29,0.0625,0.6767275615567911,0.1012708498808578,0.1108022239872915,0.0146942017474185,0,3,17,29
3884,2046,1214,329,43,74,7,10,144,9,2,important soft skill every data scientist,#data#datascience#dataanalysis#dataanalytics#datascientist#machinelearning#python#pythonprogramming#pythonprojects#pythoncode#artificialintelligence#ai#deeplearning#algorithm#algorithms#machinelearningalgorithms#ml#amankharwal#thecleverprogrammer#softskills,2024-07-15 07:15:37.815126050,image,6,0,0.0605046343975283,20,0.1428571428571428,0.5267765190525232,0.3125643666323378,0.0847064881565396,0.0110710607621009,0,7,7,20
2621,1543,599,333,25,22,5,1,76,26,0,learn analyze candlestick chart data scientist financial analyst hope resource help invest analyze stock market,#stockmarket#investing#stocks#trading#money#investment#finance#forex#datavisualization#datascience#data#dataanalytics#machinelearning#dataanalysis#ai#candlestick#candlestickcharts,2024-08-11 21:46:53.445378152,video,15,6,0.0396795116367798,17,0.0625,0.5887066005341473,0.2285387256772224,0.1270507439908431,0.0095383441434566,1,8,21,17
3541,2071,628,500,60,135,4,9,124,12,6,best book follow learn python scratch,#python#pythonprogramming#pythonprojects#pythoncode#pythonlearning#pythondeveloper#pythoncoding#pythonprogrammer#amankharwal#thecleverprogrammer#pythonprojects#pythonbooks#bookstagram,2024-01-31 16:08:04.033613445,video,6,2,0.0768144591923185,13,0.1428571428571428,0.5848630330415137,0.1773510307822648,0.1412030499858797,0.0169443659983055,0,1,16,13
3749,2384,857,248,49,155,6,8,159,36,4,best data analysis project idea try show resume project help show data analysis skill,#dataanalytics#datascience#data#machinelearning#datavisualization#bigdata#artificialintelligence#datascientist#python#analytics#ai#dataanalysis#deeplearning#technology#programming#coding#dataanalyst#business#pythonprogramming#datamining#tech#businessintelligence#database#computerscience#statistics#powerbi#dataanalysisprojects#businessanalytics#thecleverprogrammer#amankharwal,2024-05-02 16:32:16.134453782,video,14,3,0.087489997332622,30,0.0666666666666666,0.6359029074419845,0.2285942918111496,0.0661509735929581,0.0130701520405441,0,5,16,30
4115,2609,1104,178,46,122,6,3,191,31,6,two best way count number letter string using python,#python#pythonprogramming#pythonprojects#pythoncode#pythonlearning#pythondeveloper#pythoncoding#pythonprogrammer#amankharwal#thecleverprogrammer#pythonprojects,2024-11-24 04:38:19.159663864,carousel,9,6,0.0782503037667071,11,0.1,0.6340218712029162,0.2682867557715674,0.0432563791008505,0.0111786148238153,1,11,4,11
2218,1597,411,162,15,28,6,3,81,29,4,learn implementation alexnet convolutional neural network using python link bio,#neuralnetwork#machinelearning#artificialintelligence#deeplearning#python#ai#datascience#neuralnetworks#programming#tensorflow#datascientist#pythonprogramming#tech#technology#artificialintelligenceai#machinelearningalgorithms#computerscience#coding#ml#data#amankharwal#thecleverprogrammer#alexnet,2024-02-25 05:02:31.260504202,carousel,10,6,0.0532010820559062,23,0.0909090909090909,0.7200180342651037,0.1853020739404869,0.0730387736699729,0.0067628494138863,1,2,5,23
3234,2414,476,185,75,122,8,14,151,15,0,here get live stock price data company using python programming language,#python#pythonprogramming#pythonprojects#pythoncode#pythonlearning#pythondeveloper#pythoncoding#pythonprogrammer#amankharwal#thecleverprogrammer#pythonprojects,2024-07-09 04:02:01.008403360,image,11,1,0.0912183055040197,11,0.0833333333333333,0.7464440321583179,0.1471861471861472,0.0572047000618429,0.023191094619666,0,7,4,11
4344,2168,1274,673,40,119,7,11,162,8,2,important python library data science know fundamental python library work kind data science problem,#data#datascience#dataanalysis#dataanalytics#datascientist#machinelearning#python#pythonprogramming#pythonprojects#pythoncode#artificialintelligence#ai#deeplearning#algorithm#algorithms#machinelearningalgorithms#ml#amankharwal#thecleverprogrammer,2024-02-03 17:44:52.436974790,image,14,5,0.0688305709023941,19,0.0666666666666666,0.4990791896869245,0.2932780847145488,0.1549263351749539,0.009208103130755,1,2,17,19
3216,2524,212,201,223,121,5,5,142,20,4,here visualize interactive candlestick chart using python,#stockmarket#investing#stocks#trading#money#investment#finance#forex#datavisualization#datascience#data#dataanalytics#machinelearning#dataanalysis#ai#candlestick#candlestickcharts#amankharwal#thecleverprogrammer,2024-04-20 10:05:02.521008404,carousel,7,5,0.0848880597014925,19,0.125,0.7848258706467661,0.0659203980099502,0.0625,0.0693407960199005,1,4,10,19
9453,2525,5799,208,794,100,6,10,294,181,42,omicron variant sentiment analysis using python link bio,#data#datascience#dataanalysis#dataanalytics#datascientist#machinelearning#python#pythonprogramming#pythonprojects#pythoncode#artificialintelligence#ai#deeplearning#sentimentanalysis#sentiment#nlp#naturallanguageprocessing#amankharwal#thecleverprogrammer,2024-09-29 23:35:47.899159664,video,8,6,0.0433724743467682,19,0.1111111111111111,0.267110970062414,0.6134560456997779,0.022003596741775,0.0839944991008145,1,9,23,19
5055,2017,2351,298,108,101,7,11,159,17,6,data science time series analysis method analyzing data collected interval time stock price data covid case data example timeseries data time series analysis help understand underlying cause trend pattern particular time interval one topic every data scientist know perfectly looking best book learn time series analysis choose one among book,#timeseries#time#statistics#datascience#bigdata#machinelearning#python#ai#timeseriesanalysis#datavisualization#dataanalytics#data#iot#analysis#timeseriesmalaysia#artificialintelligence#analytics#amankharwal#thecleverprogrammer,2024-10-06 02:49:24.705882352,image,50,6,0.0549950544015825,19,0.0196078431372549,0.3990108803165183,0.4650840751730959,0.0589515331355093,0.0213649851632047,1,10,2,19
4002,3401,278,128,73,111,17,18,205,16,2,highest paying skill start learning today skill require come specific education background passionate learning skill easily find many free resource internet dont know find free resource learn skill feel free reach meamankharwal happy guide,#career#job#jobs#jobsearch#education#business#success#careergoals#motivation#work#careerdevelopment#careers#goals#resume#students#careeradvice#datascience#marketing#digitalmarketing#media#socialmedia#IT#webdevelopment#amankharwal#thecleverprogrammer,2024-11-30 07:51:55.966386552,carousel,34,5,0.0877061469265367,25,0.0285714285714285,0.8498250874562718,0.0694652673663168,0.031984007996002,0.0182408795602198,1,11,7,25
3169,1979,707,341,32,106,8,1,121,21,2,data science time series analysis method analyzing data collected interval time stock price data covid case data example timeseries data time series analysis help understand underlying cause trend pattern particular time interval one topic every data scientist know perfectly looking best data science project idea time series analysis try work project,#timeseries#time#statistics#datascience#bigdata#machinelearning#python#ai#timeseriesanalysis#datavisualization#dataanalytics#data#iot#analysis#timeseriesmalaysia#artificialintelligence#analytics#amankharwal#thecleverprogrammer,2024-01-01 00:00:00.000000000,carousel,51,0,0.0744714420952982,19,0.0192307692307692,0.6244872199431998,0.2230987693278636,0.1076049226885452,0.0100978226569895,0,1,0,19
6168,2177,3450,153,296,82,6,6,151,77,30,stress anxiety depression threatening mental health people every person reason stressful life people often share feeling social medium platform like instagram form post story reddit form asking suggestion life subreddits past year many content creator come forward create content help people mental health many organization use stress detection find social medium user stressed help quickly want learn use machine learning detect stress social medium post data science project detection stress social medium post machine learning using python link bio,#data#datascience#dataanalysis#dataanalytics#datascientist#machinelearning#python#pythonprogramming#pythonprojects#pythoncode#artificialintelligence#ai#deeplearning#machinelearningprojects#datascienceprojects#amankharwal#thecleverprogrammer#machinelearningmodels#stress#stressdetection,2024-09-26 21:58:59.495798320,carousel,79,3,0.0397211413748378,20,0.0125,0.3529507133592737,0.5593385214007782,0.0248054474708171,0.0479896238651102,0,9,21,20
2407,1338,655,276,39,40,8,20,72,10,0,data science use case here zomato using data future business model,#data#datascience#dataanalysis#dataanalytics#datascientist#machinelearning#python#pythonprogramming#pythonprojects#pythoncode#artificialintelligence#ai#deeplearning#machinelearningprojects#datascienceprojects#amankharwal#thecleverprogrammer#machinelearningmodels#zomato#business#casestudy#businessmodel,2024-11-14 23:47:53.949579832,video,11,3,0.0581636892397174,22,0.0833333333333333,0.5558786871624429,0.2721229746572496,0.1146655587868716,0.0162027420024927,0,11,23,22
2064,1304,362,249,37,49,4,5,76,9,0,boxplot statistical data visualization technique analyzing distribution pattern numerical data point dataset represents quartile quartile median maximum minimum data point feature help understand distribution numerical value dataset here analyze box plot data scientist,#datavisualization#datascience#data#dataanalytics#machinelearning#dataanalysis#artificialintelligence#python#datascientist#bigdata#deeplearning#dataviz#ai#analytics#technology#dataanalyst#programming#pythonprogramming#statistics#coding#businessintelligence#datamining#tech#business#boxplots#thecleverprogrammer#amankharwal,2024-07-18 08:52:26.218487394,carousel,33,3,0.064922480620155,27,0.0294117647058823,0.6317829457364341,0.1753875968992248,0.1206395348837209,0.0179263565891472,0,7,8,27
3973,2415,745,676,18,72,3,4,91,11,24,activation function function used neural network calculating weighted sum input bias done determine neuron activated happens input layer receives training data training neural network hidden layer used calculation help finding relationship feature data output layer give result controlled activation function placed hidden layer produce result neural network,#neuralnetwork#machinelearning#artificialintelligence#deeplearning#python#ai#datascience#neuralnetworks#programming#tensorflow#datascientist#pythonprogramming#tech#technology#artificialintelligenceai#machinelearningalgorithms#computerscience#coding#ml#data#amankharwal#thecleverprogrammer,2024-05-18 00:36:18.151260504,carousel,47,5,0.0427888245658192,22,0.0208333333333333,0.607853007802668,0.1875157311855021,0.1701485023911401,0.0045305814246161,1,5,0,22
7281,3065,1254,2081,748,167,7,9,195,144,100,learn send automatic email using python programming language link bio,#python#pythonprogramming#pythonprojects#pythoncode#pythonlearning#pythondeveloper#pythoncoding#pythonprogrammer#amankharwal#thecleverprogrammer#pythonprojects,2024-04-05 02:01:00.504201680,carousel,10,4,0.0519159456118665,11,0.0909090909090909,0.4209586595247905,0.1722290894107952,0.2858123884081857,0.1027331410520532,0,4,2,11
3052,2608,201,121,87,63,5,14,129,14,2,programming language google us frontend backend google,#programming#coding#programmer#python#developer#javascript#technology#code#coder#java#html#computerscience#tech#css#webdeveloper#software#webdevelopment#codinglife#softwaredeveloper#linux#programmingmemes#webdesign#programmers#php#programminglife#machinelearning#hacking#pythonprogramming#thecleverprogrammer#amankharwal,2024-08-02 16:56:28.235294116,carousel,7,4,0.06913499344692,30,0.125,0.854521625163827,0.0658584534731323,0.0396461336828309,0.0285058977719528,0,8,16,30
4628,2406,1260,861,26,144,8,3,160,10,4,deep learning subset machine learning want become machine learning engineer know everything deep learning looking best free resource learn deep learning two best free resource learn deep learning,#deeplearning#machinelearning#artificialintelligence#datascience#ai#python#coding#technology#programming#bigdata#dataanalytics#datascientist#data#computerscience#tech#neuralnetwork#amankharwal#thecleverprogrammer,2024-05-08 19:45:52.941176470,image,28,2,0.0680639585133967,18,0.0344827586206896,0.5198789974070873,0.2722558340535869,0.1860414866032843,0.0056179775280898,0,5,19,18
4082,2195,1248,541,36,135,11,5,175,19,6,deep learning subset machine learning use artificial neural network train model solve complex problem need large amount data compared machine learning algorithm best deep learning project idea must try,#deeplearning#machinelearning#artificialintelligence#datascience#ai#python#coding#technology#programming#bigdata#dataanalytics#datascientist#data#computerscience#tech#neuralnetwork#amankharwal#thecleverprogrammer,2024-02-06 19:21:40.840336134,image,29,1,0.0798628123468887,18,0.0333333333333333,0.5377266046055855,0.3057324840764331,0.1325330720235178,0.0088192062714355,0,2,19,18
5394,2275,2975,45,65,61,19,6,147,69,6,must heard invested cryptocurrency life digital medium exchange encrypted decentralized want know predict future price cryptocurrency machine learning help learn predict future price bitcoin machine learning using python,#data#datascience#dataanalysis#dataanalytics#datascientist#machinelearning#python#pythonprogramming#pythonprojects#pythoncode#artificialintelligence#ai#deeplearning#machinelearningprojects#datascienceprojects#amankharwal#thecleverprogrammer#bitcoin#cryptocurrency,2024-02-16 00:12:06.050420168,carousel,28,4,0.0431961438635521,19,0.0344827586206896,0.421764923989618,0.5515387467556544,0.0083426028921023,0.0120504263997033,0,2,0,19
2766,2541,116,51,9,40,10,4,114,11,6,programming language facebook us frontend backend facebook,#programming#coding#programmer#python#developer#javascript#technology#code#coder#java#html#computerscience#tech#css#webdeveloper#software#webdevelopment#codinglife#softwaredeveloper#linux#programmingmemes#webdesign#programmers#php#programminglife#machinelearning#hacking#pythonprogramming#thecleverprogrammer#amankharwal,2024-12-15 15:55:57.983193276,video,7,6,0.0607375271149674,30,0.125,0.9186550976138828,0.041937816341287,0.0184381778741865,0.0032537960954446,1,12,15,30
3924,2244,1278,326,34,139,11,3,151,19,2,popular data science case study project every data science beginner try find case study project solution kaggle,#data#datascience#dataanalysis#dataanalytics#datascientist#machinelearning#python#pythonprogramming#pythonprojects#pythoncode#artificialintelligence#ai#deeplearning#algorithm#algorithms#machinelearningalgorithms#ml#amankharwal#thecleverprogrammer#projects#casestudies,2024-08-21 02:37:18.655462184,image,17,2,0.0774719673802242,21,0.0555555555555555,0.5718654434250765,0.3256880733944954,0.083078491335372,0.0086646279306829,0,8,2,21
3015,2034,771,115,41,52,11,4,92,9,2,here amazon us data ecommerce platform hope post help understand amazon using data science improve quality service,#data#datascience#dataanalysis#dataanalytics#datascientist#machinelearning#python#pythonprogramming#pythonprojects#pythoncode#artificialintelligence#ai#deeplearning#machinelearningprojects#datascienceprojects#amankharwal#thecleverprogrammer#machinelearningmodels#zomato#business#casestudy#businessmodel#amazonfinds,2024-10-24 12:30:15.126050420,carousel,17,3,0.0527363184079602,23,0.0555555555555555,0.6746268656716418,0.2557213930348259,0.0381426202321724,0.0135986733001658,0,10,12,23
6666,1977,4604,48,23,84,9,3,214,57,20,google search analysis one best data analysis project idea someone want work data analyst marketing task analyze search trend google learn analyze google search trend visiting link bio,#data#datascience#dataanalysis#dataanalytics#datascientist#machinelearning#python#pythonprogramming#pythonprojects#pythoncode#artificialintelligence#ai#deeplearning#machinelearningprojects#datascienceprojects#amankharwal#thecleverprogrammer,2024-03-14 14:43:21.680672269,image,28,3,0.0465046504650465,17,0.0344827586206896,0.2965796579657966,0.6906690669066907,0.0072007200720072,0.0034503450345034,0,3,14,17
3854,1975,1721,60,43,81,11,15,150,13,2,database google us,#data#technology#datascience#business#tech#bigdata#dataanalytics#machinelearning#ai#analytics#datavisualization#security#artificialintelligence#cybersecurity#programming#python#software#coding#network#internet#cloud#dataanalysis#innovation#datascientist#database#amankharwal#thecleverprogrammer#google,2024-08-27 05:50:55.462184872,image,3,1,0.0666839647119875,28,0.25,0.5124545926310327,0.4465490399584847,0.0155682407887908,0.0111572392319667,0,8,5,28
4355,2879,139,1239,32,79,8,4,122,11,4,popular programming language us,#programming#coding#programmer#python#developer#javascript#technology#code#coder#java#html#computerscience#tech#css#webdeveloper#software#webdevelopment#codinglife#softwaredeveloper#linux#programmingmemes#webdesign#programmers#php#programminglife#machinelearning#hacking#pythonprogramming#thecleverprogrammer#amankharwal,2024-03-08 11:29:44.873949580,video,4,4,0.0489092996555683,30,0.2,0.6610792192881745,0.0319173363949483,0.2845005740528128,0.0073478760045924,0,3,11,30
4343,2278,1460,521,27,105,6,3,152,24,8,natural language processing nlp subfield artificial intelligence build application interact human complete process follow working every problem based natural language processing,#data#datascience#dataanalysis#dataanalytics#datascientist#machinelearning#python#pythonprogramming#pythonprojects#pythoncode#artificialintelligence#ai#deeplearning#sentimentanalysis#sentiment#nlp#naturallanguageprocessing#amankharwal#thecleverprogrammer,2024-10-21 10:53:26.722689076,carousel,21,0,0.0612479852636426,19,0.0454545454545454,0.5245222196638268,0.3361731521989408,0.1199631591066083,0.0062169007598434,0,10,10,19
6108,2679,2803,562,26,90,7,8,196,81,26,lstm stand long short term memory network type recurrent neural network commonly used regression time series forecasting machine learning learn use lstm neural network task stock price prediction using python,#neuralnetwork#machinelearning#artificialintelligence#deeplearning#python#ai#datascience#neuralnetworks#programming#tensorflow#datascientist#pythonprogramming#tech#technology#artificialintelligenceai#machinelearningalgorithms#computerscience#coding#ml#data#amankharwal#thecleverprogrammer,2024-06-20 18:21:10.588235294,carousel,30,3,0.0492796332678454,22,0.032258064516129,0.4386051080550098,0.4589063523248199,0.0920104780615586,0.0042567125081859,0,6,18,22
2523,1659,796,29,21,34,6,0,86,4,2,tokenization first step perform collecting textual dataset every problem based natural language processing sentence word tokenization two different strategy tokenization know,#data#datascience#dataanalysis#dataanalytics#datascientist#machinelearning#python#pythonprogramming#pythonprojects#pythoncode#artificialintelligence#ai#deeplearning#sentimentanalysis#sentiment#nlp#naturallanguageprocessing#amankharwal#thecleverprogrammer,2024-12-03 09:28:44.369747900,video,21,1,0.0499405469678953,19,0.0454545454545454,0.6575505350772889,0.3154974237019421,0.0114942528735632,0.0083234244946492,0,12,9,19
2327,1774,435,59,35,45,3,3,85,7,2,database used facebook,#data#technology#datascience#business#tech#bigdata#dataanalytics#machinelearning#ai#analytics#datavisualization#security#artificialintelligence#cybersecurity#programming#python#software#coding#network#internet#cloud#dataanalysis#innovation#datascientist#database#amankharwal#thecleverprogrammer#facebook,2024-04-02 00:24:12.100840336,video,3,1,0.0584443489471422,28,0.25,0.7623549634722819,0.186935969058874,0.025354533734422,0.015040825096691,0,4,0,28
3990,2123,1482,332,36,98,4,11,156,14,4,best data science project idea natural language processing try,#data#datascience#dataanalysis#dataanalytics#datascientist#machinelearning#python#pythonprogramming#pythonprojects#pythoncode#artificialintelligence#ai#deeplearning#sentimentanalysis#sentiment#nlp#naturallanguageprocessing#amankharwal#thecleverprogrammer,2024-06-11 13:30:45.378151260,carousel,9,1,0.0674185463659147,19,0.1,0.5320802005012532,0.3714285714285714,0.0832080200501253,0.0090225563909774,0,6,13,19
2191,1308,809,45,18,35,2,1,72,18,0,language detection natural language processing task need identify language text document learn train machine learning model language detection using python,#data#datascience#dataanalysis#dataanalytics#datascientist#machinelearning#python#pythonprogramming#pythonprojects#pythoncode#artificialintelligence#ai#deeplearning#sentimentanalysis#sentiment#nlp#naturallanguageprocessing#amankharwal#thecleverprogrammer,2024-12-27 22:23:11.596638656,carousel,20,4,0.0502053856686444,19,0.0476190476190476,0.5969876768598813,0.3692377909630305,0.0205385668644454,0.0082154267457781,0,12,22,19
1941,1466,411,37,17,49,6,3,82,8,2,neural network computational structure connects input layer output layer here neural network work,#neuralnetwork#machinelearning#artificialintelligence#deeplearning#python#ai#datascience#neuralnetworks#programming#tensorflow#datascientist#pythonprogramming#tech#technology#artificialintelligenceai#machinelearningalgorithms#computerscience#coding#ml#data#amankharwal#thecleverprogrammer,2024-01-28 14:31:15.630252101,video,13,6,0.0721277691911385,22,0.0714285714285714,0.755280783101494,0.2117465224111283,0.0190623390005152,0.0087583719732096,1,1,14,22
16062,3144,11817,564,468,252,6,20,416,330,94,machine learning project solved explained using python programming language link bio,#data#datascience#dataanalysis#dataanalytics#datascientist#machinelearning#python#pythonprogramming#pythonprojects#pythoncode#artificialintelligence#ai#deeplearning#machinelearningprojects#datascienceprojects#amankharwal#thecleverprogrammer,2024-04-11 05:14:37.310924370,image,11,3,0.0432075706636782,17,0.0833333333333333,0.1957415016809861,0.7357116174822562,0.0351139335076578,0.0291370937616735,0,4,5,17
4998,2331,2195,318,75,167,4,13,180,21,8,prepare first data science interview,#data#datascience#dataanalysis#dataanalytics#datascientist#machinelearning#python#pythonprogramming#pythonprojects#pythoncode#artificialintelligence#ai#deeplearning#machinelearningprojects#datascienceprojects#amankharwal#thecleverprogrammer#interview#datascienceinterview,2024-03-17 16:20:10.084033613,image,5,6,0.072829131652661,19,0.1666666666666666,0.4663865546218487,0.4391756702681072,0.063625450180072,0.0150060024009603,1,3,16,19
4289,2746,869,589,24,111,8,4,150,19,18,difference process deep learning machine learning,#data#datascience#dataanalysis#dataanalytics#datascientist#machinelearning#python#pythonprogramming#pythonprojects#pythoncode#artificialintelligence#ai#deeplearning#machinelearningprojects#datascienceprojects#amankharwal#thecleverprogrammer#interview#neuralnetworks,2024-07-30 15:19:39.831932772,video,6,1,0.0636512007460946,19,0.1428571428571428,0.640242480764747,0.2026113313126603,0.1373280484961529,0.0055957099557006,0,7,15,19
3880,2207,1109,199,317,90,4,2,127,32,10,company way creating otp verification company system programmed generate digit random number learn complete process otp verification using python,#python#pythonprogramming#pythonprojects#pythoncode#pythonlearning#pythondeveloper#pythoncoding#pythonprogrammer#amankharwal#thecleverprogrammer#pythonprojects#otp#otpverification,2024-03-26 21:10:35.294117647,image,19,1,0.0574742268041237,13,0.05,0.5688144329896907,0.2858247422680412,0.0512886597938144,0.081701030927835,0,3,21,13
3786,2632,616,468,25,144,9,5,167,19,4,here create qr code using python programming language,#python#pythonprogramming#pythonprojects#pythoncode#pythonlearning#pythondeveloper#pythoncoding#pythonprogrammer#amankharwal#thecleverprogrammer#pythonprojects#qrcodes,2024-10-27 14:07:03.529411764,video,8,6,0.0858425779186476,12,0.1111111111111111,0.6951928156365558,0.1627047015319598,0.1236133122028526,0.0066032752245113,1,10,14,12
4298,3050,969,181,64,263,6,19,225,21,4,best python project idea resume work python developer,#python#pythonprogramming#pythonprojects#pythoncode#pythonlearning#pythondeveloper#pythoncoding#pythonprogrammer#amankharwal#thecleverprogrammer#pythonprojects,2024-09-17 17:08:34.285714284,image,8,1,0.1193578408562121,11,0.1111111111111111,0.7096323871568171,0.2254536993950675,0.0421126105165193,0.0148906468124709,0,9,17,11
3630,1747,1693,72,86,137,4,10,137,14,4,best data analysis project idea resume try,#data#datascience#dataanalysis#dataanalytics#datascientist#machinelearning#python#pythonprogramming#pythonprojects#pythoncode#artificialintelligence#ai#deeplearning#machinelearningprojects#datascienceprojects#amankharwal#thecleverprogrammer,2024-01-16 08:04:02.016806722,image,7,1,0.0793388429752066,17,0.125,0.481267217630854,0.4663911845730027,0.0198347107438016,0.0236914600550964,0,1,8,17
2826,2108,583,76,34,67,3,3,114,30,4,visualizing data one valuable skill every data scientist analyst lot data visualization learn data science find list data visualization data science explained using python,#dataanalytics#datascience#data#machinelearning#datavisualization#bigdata#artificialintelligence#datascientist#python#analytics#ai#dataanalysis#deeplearning#technology#programming#coding#dataanalyst#business#pythonprogramming#datamining#tech#businessintelligence#database#computerscience#statistics#powerbi#dataanalysisprojects#businessanalytics#thecleverprogrammer#amankharwal,2024-10-03 01:12:36.302521008,carousel,24,3,0.0661712668082094,30,0.04,0.745930644019816,0.2062986553432413,0.0268931351733899,0.0120311394196744,0,10,1,30
7407,2782,1938,2237,226,288,5,15,263,39,18,important machine learning algorithm every beginner machine learning know,#data#datascience#dataanalysis#dataanalytics#datascientist#machinelearning#python#pythonprogramming#pythonprojects#pythoncode#artificialintelligence#ai#deeplearning#machinelearningprojects#datascienceprojects#amankharwal#thecleverprogrammer,2024-07-27 13:42:51.428571428,carousel,9,5,0.0770892399081949,17,0.1,0.3755906574861617,0.2616443904414743,0.3020116106385851,0.0305116781422978,1,7,13,17
10386,4137,3551,2355,205,668,8,41,328,42,38,best website follow learn everything data science,#data#datascience#dataanalysis#dataanalytics#datascientist#machinelearning#python#pythonprogramming#pythonprojects#pythoncode#artificialintelligence#ai#deeplearning#machinelearningprojects#datascienceprojects#amankharwal#thecleverprogrammer,2024-04-29 14:55:27.731092436,image,7,0,0.1006162141344117,17,0.125,0.3983246678220681,0.3419025611399962,0.2267475447718082,0.019738108992875,0,4,14,17
2998,1945,794,84,139,42,4,1,126,31,10,time series analysis mean analyzing finding pattern time series dataset timeseries dataset sequence data collected interval time learn time series analysis using python,#timeseries#time#statistics#datascience#bigdata#machinelearning#python#ai#timeseriesanalysis#datavisualization#dataanalytics#data#iot#analysis#timeseriesmalaysia#artificialintelligence#analytics#amankharwal#thecleverprogrammer,2024-05-30 07:03:31.764705882,image,23,3,0.0577051367578385,19,0.0416666666666666,0.6487658438959306,0.2648432288192128,0.0280186791194129,0.0463642428285523,0,5,7,19
7018,2569,4221,796,83,342,9,16,236,20,12,best data source use collect data data science project,#data#datascience#dataanalysis#dataanalytics#datascientist#machinelearning#python#pythonprogramming#pythonprojects#pythoncode#artificialintelligence#ai#deeplearning#machinelearningprojects#datascienceprojects#amankharwal#thecleverprogrammer,2024-04-17 08:28:14.117647058,carousel,9,2,0.08592191507552,17,0.1,0.366058706184098,0.6014534055286407,0.1134226275292106,0.0118267312624679,0,4,8,17
2941,1716,1058,84,48,48,2,1,99,12,4,one mistake data science newbie make working machine learning project train machine learning model check accuracy score complete project test performance model giving input model based feature used train learn give input machine learning model test performance,#data#datascience#dataanalysis#dataanalytics#datascientist#machinelearning#python#pythonprogramming#pythonprojects#pythoncode#artificialintelligence#ai#deeplearning#machinelearningprojects#datascienceprojects#amankharwal#thecleverprogrammer,2024-02-19 01:48:54.453781512,carousel,37,0,0.051003060183611,17,0.0263157894736842,0.58347500850051,0.3597415844950697,0.0285617137028221,0.0163209792587555,0,2,1,17
6432,2812,2974,468,72,250,11,8,212,22,4,best data science project idea resume try,#data#datascience#dataanalysis#dataanalytics#datascientist#machinelearning#python#pythonprogramming#pythonprojects#pythoncode#artificialintelligence#ai#deeplearning#machinelearningprojects#datascienceprojects#amankharwal#thecleverprogrammer,2024-07-21 10:29:14.621848740,carousel,7,6,0.0747823383084577,17,0.125,0.4371890547263681,0.4623756218905472,0.0727611940298507,0.0111940298507462,1,7,10,17
10667,3152,6564,617,187,219,13,15,297,306,74,python project source code solved explained free link bio,#python#pythonprogramming#pythonprojects#pythoncode#pythonlearning#pythondeveloper#pythoncoding#pythonprogrammer#amankharwal#thecleverprogrammer#pythonprojects,2024-04-14 06:51:25.714285714,video,9,6,0.0509984062998031,11,0.1,0.2954907659135652,0.6153557701321833,0.0578419424392987,0.0175307021655573,1,4,6,11
3988,2415,802,545,64,118,6,9,142,13,0,important data visualization every data scientist must know,#datavisualization#datascience#data#dataanalytics#machinelearning#dataanalysis#artificialintelligence#python#datascientist#bigdata#deeplearning#dataviz#ai#analytics#technology#dataanalyst#programming#pythonprogramming#statistics#coding#businessintelligence#datamining#tech#business#computerscience#tableau#database#bigdataanalytics#powerbi,2024-12-12 14:19:09.579831932,image,8,3,0.0689568706118355,29,0.1111111111111111,0.6055667001003009,0.2011033099297893,0.1366599799398194,0.0160481444332999,0,12,14,29
4978,2125,2249,354,99,143,9,2,186,26,6,best data science project idea based recommendation system try,#recommended#recommendations#recommendationsystem#recommendation#data#datascience#dataanalysis#dataanalytics#datascientist#machinelearning#python#pythonprogramming#pythonprojects#pythoncode#artificialintelligence#ai#amankharwal#thecleverprogrammer,2024-01-22 11:17:38.823529411,carousel,9,0,0.0683005222981116,18,0.1,0.4268782643631981,0.4517878666130976,0.071112896745681,0.0198875050220972,0,1,11,18
3388,1975,1018,244,44,99,1,7,112,16,6,variance covariance correlation statistical measure finding relationship data point dataset here difference variance covariance correlation know,#datavisualization#datascience#data#dataanalytics#machinelearning#dataanalysis#artificialintelligence#python#datascientist#bigdata#deeplearning#dataviz#ai#analytics#technology#dataanalyst#programming#pythonprogramming#statistics#amankharwal#thecleverprogrammer,2024-05-11 21:22:41.344537814,image,16,5,0.0646399055489964,21,0.0588235294117647,0.582939787485242,0.3004722550177096,0.0720188902007083,0.0129870129870129,1,5,21,21
4467,1910,1880,492,60,89,3,16,149,15,0,popular application data science finance,#data#datascience#dataanalysis#dataanalytics#datascientist#machinelearning#python#pythonprogramming#pythonprojects#pythoncode#artificialintelligence#ai#deeplearning#machinelearningprojects#datascienceprojects#amankharwal#thecleverprogrammer#finance#business#money#investing,2024-08-08 20:10:05.042016808,video,5,3,0.0575330199238862,21,0.1666666666666666,0.4275800313409447,0.4208641146183121,0.1101410342511752,0.0134318334452652,0,8,20,21
3246,2508,166,360,139,148,5,14,132,15,6,best website prepare coding interview,#coding#programming#programmer#python#developer#javascript#code#coder#technology#html#computerscience#codinglife#java#webdeveloper#tech#css#webdevelopment#software#softwaredeveloper#interview#job#codinginterview#amankharwal#thecleverprogrammer,2024-07-24 12:06:03.025210084,video,5,2,0.09211337030191,24,0.1666666666666666,0.7726432532347505,0.051139864448552,0.11090573012939,0.0428219346888478,0,7,12,24
5072,1780,3090,69,76,42,7,6,115,39,12,introduction online payment system helped lot ease payment time increased payment fraud learn detect online payment fraud machine learning using python,#data#datascience#dataanalysis#dataanalytics#datascientist#machinelearning#python#pythonprogramming#pythonprojects#pythoncode#artificialintelligence#ai#deeplearning#machinelearningprojects#datascienceprojects#amankharwal#thecleverprogrammer,2024-09-11 13:54:57.478991596,carousel,21,2,0.0335173501577287,17,0.0454545454545454,0.3509463722397476,0.6092271293375394,0.0136041009463722,0.0149842271293375,0,9,13,17
6339,2190,4036,48,27,171,8,5,248,21,10,best data science project idea healthcare want become data science professional healthcare domain must try work project,#healthcare#health#covid#data#datascience#dataanalysis#dataanalytics#datascientist#machinelearning#python#pythonprogramming#pythonprojects#pythoncode#artificialintelligence#ai#dataanalyst#amankharwal#thecleverprogrammer,2024-03-23 19:33:46.890756302,video,17,5,0.0681495504022716,18,0.0555555555555555,0.3454803596781827,0.6366934847767787,0.007572172266919,0.0042593469001419,1,3,19,18
4239,1711,2429,36,50,109,2,1,178,8,8,important tool use daily data scientistanalyst,#data#datascience#dataanalysis#dataanalytics#datascientist#machinelearning#python#pythonprogramming#pythonprojects#pythoncode#artificialintelligence#ai#deeplearning#machinelearningprojects#datascienceprojects#amankharwal#thecleverprogrammer,2024-02-28 06:39:19.663865546,image,6,2,0.0684123614059919,17,0.1428571428571428,0.4036329322953527,0.5730125029488087,0.0084925690021231,0.011795234725171,0,2,6,17
3454,1663,1284,166,234,38,0,0,107,45,8,learn visualize linear regression algorithm machine learning using python find complete tutorial link bio,#data#datascience#dataanalysis#dataanalytics#datascientist#machinelearning#python#pythonprogramming#pythonprojects#pythoncode#artificialintelligence#ai#deeplearning#algorithm#algorithms#machinelearningalgorithms#amankharwal#thecleverprogrammer,2024-10-18 09:16:38.319327732,carousel,14,4,0.0419803126809496,18,0.0666666666666666,0.4814707585408222,0.3717429067747539,0.0480602200347423,0.0677475390851187,0,10,9,18
7571,3717,841,1716,1115,421,7,12,269,50,46,useful python script use solve realtime problem project,#python#pythonprogramming#pythonprojects#pythoncode#pythonlearning#pythondeveloper#pythoncoding#pythonprogrammer#amankharwal#thecleverprogrammer,2024-11-02 17:20:40.336134452,image,8,5,0.0936468101968036,10,0.1111111111111111,0.490952318055739,0.1110817593448685,0.2266543389248448,0.1472724871219125,1,11,17,10
3333,1502,1423,182,148,38,3,5,96,37,12,want know predict future price cryptocurrency machine learning help learn predict future price bitcoin machine learning using python,#data#datascience#dataanalysis#dataanalytics#datascientist#machinelearning#python#pythonprogramming#pythonprojects#pythoncode#artificialintelligence#ai#deeplearning#machinelearningprojects#datascienceprojects#amankharwal#thecleverprogrammer#bitcoin#cryptocurrency,2024-01-25 12:54:27.226890756,image,18,3,0.0426042604260426,19,0.0526315789473684,0.4506450645064506,0.4269426942694269,0.0546054605460546,0.0444044404440444,0,1,12,19
3818,2357,442,250,536,116,6,0,134,25,10,calculate execution time program need calculate time taken program initiation final result here calculate execution time python program,#python#pythonprogramming#pythonprojects#pythoncode#pythonlearning#pythondeveloper#pythoncoding#pythonprogrammer#amankharwal#thecleverprogrammer,2024-02-09 20:58:29.243697479,video,18,4,0.0670508119434258,10,0.0526315789473684,0.6173389209009953,0.1157674174960712,0.0654793085385018,0.1403876375065479,0,2,20,10
10933,3152,6610,623,334,225,13,15,301,347,94,python project source code solved explained free link bio,#python#pythonprogramming#pythonprojects#pythoncode#pythonlearning#pythondeveloper#pythoncoding#pythonprogrammer#amankharwal#thecleverprogrammer#pythonprojects,2024-09-14 15:31:45.882352940,video,9,5,0.0506722765937985,11,0.1,0.2883014726058721,0.6045916034025428,0.0569834446172139,0.0305497118814598,1,9,15,11
5058,2125,2250,362,111,144,9,2,187,26,6,best data science project idea based recommendation system try,#recommended#recommendations#recommendationsystem#recommendation#data#datascience#dataanalysis#dataanalytics#datascientist#machinelearning#python#pythonprogramming#pythonprojects#pythoncode#artificialintelligence#ai#amankharwal#thecleverprogrammer,2024-01-10 04:50:25.210084033,video,9,2,0.0676156583629893,18,0.1,0.4201265322261763,0.4448398576512455,0.0715697904310004,0.0219454329774614,0,1,4,18
3601,1570,1518,174,167,51,0,3,94,48,10,one popular use case data science task sentiment analysis product review sold ecommerce platform learn analyze sentiment flipkart review using python,#data#datascience#dataanalysis#dataanalytics#datascientist#machinelearning#python#pythonprogramming#pythonprojects#pythoncode#artificialintelligence#ai#deeplearning#sentimentanalysis#sentiment#nlp#naturallanguageprocessing#amankharwal#thecleverprogrammer#flipkart,2024-02-22 03:25:42.857142857,video,21,3,0.0410996945292974,20,0.0454545454545454,0.4359900027770064,0.42154956956401,0.0483199111357956,0.0463760066648153,0,2,3,20
3480,1975,1019,245,72,104,1,7,114,16,6,variance covariance correlation statistical measure finding relationship data point dataset here difference variance covariance correlation know,#datavisualization#datascience#data#dataanalytics#machinelearning#dataanalysis#artificialintelligence#python#datascientist#bigdata#deeplearning#dataviz#ai#analytics#technology#dataanalyst#programming#pythonprogramming#statistics#amankharwal#thecleverprogrammer,2024-04-26 13:18:39.327731092,video,16,4,0.0649425287356321,21,0.0588235294117647,0.5675287356321839,0.292816091954023,0.0704022988505747,0.0206896551724137,0,4,13,21
3525,1323,1699,182,292,33,5,0,96,26,4,must seen news divided category go news website learn classify news article machine learning using python,#data#datascience#dataanalysis#dataanalytics#datascientist#machinelearning#python#pythonprogramming#pythonprojects#pythoncode#artificialintelligence#ai#deeplearning#machinelearningprojects#datascienceprojects#amankharwal#thecleverprogrammer#news,2024-12-24 20:46:23.193277312,carousel,16,1,0.0380141843971631,18,0.0588235294117647,0.3753191489361702,0.4819858156028369,0.0516312056737588,0.0828368794326241,0,12,20,18
3606,2509,183,446,300,174,5,15,138,17,12,best website prepare coding interview,#coding#programming#programmer#python#developer#javascript#code#coder#technology#html#computerscience#codinglife#java#webdeveloper#tech#css#webdevelopment#software#softwaredeveloper#interview#job#codinginterview#amankharwal#thecleverprogrammer,2024-01-19 09:40:50.420168067,image,5,4,0.0920687742651137,24,0.1666666666666666,0.6957848031059346,0.0507487520798668,0.1236827509706045,0.0831946755407653,0,1,9,24
5542,1782,3212,213,168,46,7,6,122,52,16,introduction online payment system helped lot ease payment time increased payment fraud learn detect online payment fraud machine learning using python,#data#datascience#dataanalysis#dataanalytics#datascientist#machinelearning#python#pythonprogramming#pythonprojects#pythoncode#artificialintelligence#ai#deeplearning#machinelearningprojects#datascienceprojects#amankharwal#thecleverprogrammer,2024-08-24 04:14:07.058823528,image,21,5,0.0326596896427282,17,0.0454545454545454,0.3215445687477445,0.5795741609527246,0.0384337784193432,0.0303139660772284,1,8,4,17
6559,2225,4041,158,72,179,8,6,257,22,12,best data science project idea healthcare want become data science professional healthcare domain must try work project,#healthcare#health#covid#data#datascience#dataanalysis#dataanalytics#datascientist#machinelearning#python#pythonprogramming#pythonprojects#pythoncode#artificialintelligence#ai#dataanalyst#amankharwal#thecleverprogrammer,2024-12-06 11:05:32.773109244,image,17,4,0.06860801951517,18,0.0555555555555555,0.3392285409361183,0.6161000152462266,0.0240890379631041,0.0109772831224272,0,12,11,18
3623,1179,1527,157,655,34,3,0,95,41,8,learn create interactive language translator using python link bio,#python#pythonprogramming#pythonprojects#pythoncode#pythonlearning#pythondeveloper#pythoncoding#pythonprogrammer#amankharwal#thecleverprogrammer#naturallanguageprocessing#nlp,2024-10-15 07:39:49.915966384,image,9,1,0.0364338945625172,12,0.1,0.3254209218879382,0.4214739166436654,0.0433342533811758,0.1807894010488545,0,10,7,12
10493,2106,7761,248,238,99,9,1,244,155,32,list machine learning algorithm model explained using python help understand implementation machine learning algorithm model solving realtime business problem find list machine learning algorithm model link bio,#data#datascience#dataanalysis#dataanalytics#datascientist#machinelearning#python#pythonprogramming#pythonprojects#pythoncode#artificialintelligence#ai#deeplearning#algorithm#algorithms#machinelearningalgorithms#amankharwal#thecleverprogrammer,2024-06-14 15:07:33.781512604,video,27,4,0.0336414752692271,18,0.0357142857142857,0.2007052320594682,0.739635947774707,0.023634804155151,0.0226817878585723,0,6,15,18
4446,2454,1590,192,69,174,6,11,190,12,8,best youtube channel follow learn data science,#data#datascience#dataanalysis#dataanalytics#datascientist#machinelearning#python#pythonprogramming#pythonprojects#pythoncode#artificialintelligence#ai#deeplearning#machinelearningprojects#datascienceprojects#amankharwal#thecleverprogrammer,2024-06-02 08:40:20.168067226,image,7,6,0.0856950067476383,17,0.125,0.5519568151147098,0.3576248313090418,0.0431848852901484,0.0155195681511471,1,6,8,17
2957,1926,349,217,369,70,4,2,118,22,16,python program count number capital letter file,#python#pythonprogramming#pythonprojects#pythoncode#pythonlearning#pythondeveloper#pythoncoding#pythonprogrammer#amankharwal#thecleverprogrammer#pythonprogram@codergallery,2024-09-02 09:04:32.268907564,carousel,7,0,0.0656070341562394,11,0.125,0.6513358133243152,0.1180250253635441,0.0733851876902265,0.1247886371322286,0,9,9,11
5538,2597,2376,412,63,149,6,6,178,20,6,follow step collect whatsapp chat data data science project use whatsapp chat data text analysis sentiment analysis many task based natural language processing,#data#datascience#dataanalysis#dataanalytics#datascientist#machinelearning#python#pythonprogramming#pythonprojects#pythoncode#artificialintelligence#ai#deeplearning#machinelearningprojects#datascienceprojects#amankharwal#thecleverprogrammer#whatsapp,2024-05-21 02:13:06.554621848,carousel,23,1,0.061213434452871,18,0.0416666666666666,0.4689418562657999,0.4290357529794149,0.0743950884795955,0.0113759479956663,0,5,2,18
4681,2252,1674,360,308,207,7,12,170,23,10,best resource internet learn machine learning free,#data#datascience#dataanalysis#dataanalytics#datascientist#machinelearning#python#pythonprogramming#pythonprojects#pythoncode#artificialintelligence#ai#deeplearning#machinelearningprojects#datascienceprojects#amankharwal#thecleverprogrammer,2024-09-05 10:41:20.672268908,image,7,3,0.0845973082674642,17,0.125,0.4810937833796197,0.3576158940397351,0.0769066438795129,0.0657979064302499,0,9,10,17
5273,2673,2003,433,114,318,9,22,250,25,10,complete roadmap data science follow learn data science scratch resource learn also mentioned swipe save share,#data#datascience#dataanalysis#dataanalytics#datascientist#machinelearning#python#pythonprogramming#pythonprojects#pythoncode#artificialintelligence#ai#deeplearning#machinelearningprojects#datascienceprojects#amankharwal#thecleverprogrammer#roadmap,2024-07-06 02:25:12.605042016,image,16,5,0.1135975725393514,18,0.0588235294117647,0.5069220557557368,0.3798596624312536,0.0821164422529869,0.0216195714014792,1,7,2,18
5055,2017,2351,298,108,101,7,11,159,17,6,data science time series analysis method analyzing data collected interval time stock price data covid case data example timeseries data time series analysis help understand underlying cause trend pattern particular time interval one topic every data scientist know perfectly looking best book learn time series analysis choose one among book,#timeseries#time#statistics#datascience#bigdata#machinelearning#python#ai#timeseriesanalysis#datavisualization#dataanalytics#data#iot#analysis#timeseriesmalaysia#artificialintelligence#analytics#amankharwal#thecleverprogrammer,2024-12-21 19:09:34.789915964,carousel,50,5,0.0549950544015825,19,0.0196078431372549,0.3990108803165183,0.4650840751730959,0.0589515331355093,0.0213649851632047,1,12,19,19
4002,3401,278,128,73,111,17,18,205,16,2,highest paying skill start learning today skill require come specific education background passionate learning skill easily find many free resource internet dont know find free resource learn skill feel free reach meamankharwal happy guide,#career#job#jobs#jobsearch#education#business#success#careergoals#motivation#work#careerdevelopment#careers#goals#resume#students#careeradvice#datascience#marketing#digitalmarketing#media#socialmedia#IT#webdevelopment#amankharwal#thecleverprogrammer,2024-08-30 07:27:43.865546216,carousel,34,4,0.0877061469265367,25,0.0285714285714285,0.8498250874562718,0.0694652673663168,0.031984007996002,0.0182408795602198,0,8,7,25
3169,1979,707,341,32,106,8,1,121,21,2,data science time series analysis method analyzing data collected interval time stock price data covid case data example timeseries data time series analysis help understand underlying cause trend pattern particular time interval one topic every data scientist know perfectly looking best data science project idea time series analysis try work project,#timeseries#time#statistics#datascience#bigdata#machinelearning#python#ai#timeseriesanalysis#datavisualization#dataanalytics#data#iot#analysis#timeseriesmalaysia#artificialintelligence#analytics#amankharwal#thecleverprogrammer,2024-10-12 06:03:01.512605040,video,51,5,0.0744714420952982,19,0.0192307692307692,0.6244872199431998,0.2230987693278636,0.1076049226885452,0.0100978226569895,1,10,6,19
6168,2177,3450,153,296,82,6,6,151,77,30,stress anxiety depression threatening mental health people every person reason stressful life people often share feeling social medium platform like instagram form post story reddit form asking suggestion life subreddits past year many content creator come forward create content help people mental health many organization use stress detection find social medium user stressed help quickly want learn use machine learning detect stress social medium post data science project detection stress social medium post machine learning using python link bio,#data#datascience#dataanalysis#dataanalytics#datascientist#machinelearning#python#pythonprogramming#pythonprojects#pythoncode#artificialintelligence#ai#deeplearning#machinelearningprojects#datascienceprojects#amankharwal#thecleverprogrammer#machinelearningmodels#stress#stressdetection,2024-05-05 18:09:04.537815126,carousel,79,6,0.0397211413748378,20,0.0125,0.3529507133592737,0.5593385214007782,0.0248054474708171,0.0479896238651102,1,5,18,20
2407,1338,655,276,39,40,8,20,72,10,0,data science use case here zomato using data future business model,#data#datascience#dataanalysis#dataanalytics#datascientist#machinelearning#python#pythonprogramming#pythonprojects#pythoncode#artificialintelligence#ai#deeplearning#machinelearningprojects#datascienceprojects#amankharwal#thecleverprogrammer#machinelearningmodels#zomato#business#casestudy#businessmodel,2024-06-26 21:34:47.394957982,video,11,2,0.0581636892397174,22,0.0833333333333333,0.5558786871624429,0.2721229746572496,0.1146655587868716,0.0162027420024927,0,6,21,22
3630,1747,1693,72,86,137,4,10,137,14,4,best data analysis project idea resume try,#data#datascience#dataanalysis#dataanalytics#datascientist#machinelearning#python#pythonprogramming#pythonprojects#pythoncode#artificialintelligence#ai#deeplearning#machinelearningprojects#datascienceprojects#amankharwal#thecleverprogrammer,2024-05-27 05:26:43.361344538,video,7,0,0.0793388429752066,17,0.125,0.481267217630854,0.4663911845730027,0.0198347107438016,0.0236914600550964,0,5,5,17
2826,2108,583,76,34,67,3,3,114,30,4,visualizing data one valuable skill every data scientist analyst lot data visualization learn data science find list data visualization data science explained using python,#dataanalytics#datascience#data#machinelearning#datavisualization#bigdata#artificialintelligence#datascientist#python#analytics#ai#dataanalysis#deeplearning#technology#programming#coding#dataanalyst#business#pythonprogramming#datamining#tech#businessintelligence#database#computerscience#statistics#powerbi#dataanalysisprojects#businessanalytics#thecleverprogrammer#amankharwal,2024-11-05 18:57:28.739495796,video,24,1,0.0661712668082094,30,0.04,0.745930644019816,0.2062986553432413,0.0268931351733899,0.0120311394196744,0,11,18,30
7407,2782,1938,2237,226,288,5,15,263,39,18,important machine learning algorithm every beginner machine learning know,#data#datascience#dataanalysis#dataanalytics#datascientist#machinelearning#python#pythonprogramming#pythonprojects#pythoncode#artificialintelligence#ai#deeplearning#machinelearningprojects#datascienceprojects#amankharwal#thecleverprogrammer,2024-06-23 19:57:58.991596638,video,9,6,0.0770892399081949,17,0.1,0.3755906574861617,0.2616443904414743,0.3020116106385851,0.0305116781422978,1,6,19,17
10386,4137,3551,2355,205,668,8,41,328,42,38,best website follow learn everything data science,#data#datascience#dataanalysis#dataanalytics#datascientist#machinelearning#python#pythonprogramming#pythonprojects#pythoncode#artificialintelligence#ai#deeplearning#machinelearningprojects#datascienceprojects#amankharwal#thecleverprogrammer,2024-08-18 01:00:30.252100840,video,7,6,0.1006162141344117,17,0.125,0.3983246678220681,0.3419025611399962,0.2267475447718082,0.019738108992875,1,8,1,17
2998,1945,794,84,139,42,4,1,126,31,10,time series analysis mean analyzing finding pattern time series dataset timeseries dataset sequence data collected interval time learn time series analysis using python,#timeseries#time#statistics#datascience#bigdata#machinelearning#python#ai#timeseriesanalysis#datavisualization#dataanalytics#data#iot#analysis#timeseriesmalaysia#artificialintelligence#analytics#amankharwal#thecleverprogrammer,2024-04-08 03:37:48.907563025,image,23,0,0.0577051367578385,19,0.0416666666666666,0.6487658438959306,0.2648432288192128,0.0280186791194129,0.0463642428285523,0,4,3,19
3052,2608,201,121,87,63,5,14,129,14,2,programming language google us frontend backend google,#programming#coding#programmer#python#developer#javascript#technology#code#coder#java#html#computerscience#tech#css#webdeveloper#software#webdevelopment#codinglife#softwaredeveloper#linux#programmingmemes#webdesign#programmers#php#programminglife#machinelearning#hacking#pythonprogramming#thecleverprogrammer#amankharwal,2024-12-09 12:42:21.176470588,carousel,7,0,0.06913499344692,30,0.125,0.854521625163827,0.0658584534731323,0.0396461336828309,0.0285058977719528,0,12,12,30
4628,2406,1260,861,26,144,8,3,160,10,4,deep learning subset machine learning want become machine learning engineer know everything deep learning looking best free resource learn deep learning two best free resource learn deep learning,#deeplearning#machinelearning#artificialintelligence#datascience#ai#python#coding#technology#programming#bigdata#dataanalytics#datascientist#data#computerscience#tech#neuralnetwork#amankharwal#thecleverprogrammer,2024-06-29 23:11:35.798319328,video,28,5,0.0680639585133967,18,0.0344827586206896,0.5198789974070873,0.2722558340535869,0.1860414866032843,0.0056179775280898,1,6,23,18
4082,2195,1248,541,36,135,11,5,175,19,6,deep learning subset machine learning use artificial neural network train model solve complex problem need large amount data compared machine learning algorithm best deep learning project idea must try,#deeplearning#machinelearning#artificialintelligence#datascience#ai#python#coding#technology#programming#bigdata#dataanalytics#datascientist#data#computerscience#tech#neuralnetwork#amankharwal#thecleverprogrammer,2024-07-12 05:38:49.411764706,carousel,29,4,0.0798628123468887,18,0.0333333333333333,0.5377266046055855,0.3057324840764331,0.1325330720235178,0.0088192062714355,0,7,5,18
5394,2275,2975,45,65,61,19,6,147,69,6,must heard invested cryptocurrency life digital medium exchange encrypted decentralized want know predict future price cryptocurrency machine learning help learn predict future price bitcoin machine learning using python,#data#datascience#dataanalysis#dataanalytics#datascientist#machinelearning#python#pythonprogramming#pythonprojects#pythoncode#artificialintelligence#ai#deeplearning#machinelearningprojects#datascienceprojects#amankharwal#thecleverprogrammer#bitcoin#cryptocurrency,2024-11-18 01:24:42.352941176,carousel,28,0,0.0431961438635521,19,0.0344827586206896,0.421764923989618,0.5515387467556544,0.0083426028921023,0.0120504263997033,0,11,1,19
2766,2541,116,51,9,40,10,4,114,11,6,programming language facebook us frontend backend facebook,#programming#coding#programmer#python#developer#javascript#technology#code#coder#java#html#computerscience#tech#css#webdeveloper#software#webdevelopment#codinglife#softwaredeveloper#linux#programmingmemes#webdesign#programmers#php#programminglife#machinelearning#hacking#pythonprogramming#thecleverprogrammer#amankharwal,2024-04-23 11:41:50.924369748,video,7,1,0.0607375271149674,30,0.125,0.9186550976138828,0.041937816341287,0.0184381778741865,0.0032537960954446,0,4,11,30
3924,2244,1278,326,34,139,11,3,151,19,2,popular data science case study project every data science beginner try find case study project solution kaggle,#data#datascience#dataanalysis#dataanalytics#datascientist#machinelearning#python#pythonprogramming#pythonprojects#pythoncode#artificialintelligence#ai#deeplearning#algorithm#algorithms#machinelearningalgorithms#ml#amankharwal#thecleverprogrammer#projects#casestudies,2024-03-29 22:47:23.697478991,image,17,4,0.0774719673802242,21,0.0555555555555555,0.5718654434250765,0.3256880733944954,0.083078491335372,0.0086646279306829,0,3,22,21
3015,2034,771,115,41,52,11,4,92,9,2,here amazon us data ecommerce platform hope post help understand amazon using data science improve quality service,#data#datascience#dataanalysis#dataanalytics#datascientist#machinelearning#python#pythonprogramming#pythonprojects#pythoncode#artificialintelligence#ai#deeplearning#machinelearningprojects#datascienceprojects#amankharwal#thecleverprogrammer#machinelearningmodels#zomato#business#casestudy#businessmodel#amazonfinds,2024-12-18 17:32:46.386554620,video,17,2,0.0527363184079602,23,0.0555555555555555,0.6746268656716418,0.2557213930348259,0.0381426202321724,0.0135986733001658,0,12,17,23
5409,2643,2006,1068,230,393,10,27,275,38,14,complete roadmap data science follow learn data science scratch resource learn also mentioned swipe save share,#data#datascience#dataanalysis#dataanalytics#datascientist#machinelearning#python#pythonprogramming#pythonprojects#pythoncode#artificialintelligence#ai#deeplearning#machinelearningprojects#datascienceprojects#amankharwal#thecleverprogrammer#roadmap,2024-01-04 01:36:48.403361344,image,16,3,0.1303383250138657,18,0.0588235294117647,0.4886300610094287,0.3708633758550564,0.1974486966167498,0.0425217230541689,0,1,1,18
5323,2000,2053,988,74,152,6,13,192,42,8,looking trending unique topic working data science project data science project idea based trending unique topic try,#data#datascience#dataanalysis#dataanalytics#datascientist#machinelearning#python#pythonprogramming#pythonprojects#pythoncode#artificialintelligence#ai#deeplearning#machinelearningprojects#datascienceprojects#amankharwal#thecleverprogrammer,2024-06-08 11:53:56.974789916,carousel,17,5,0.0681946270899868,17,0.0555555555555555,0.375727972947586,0.385684764230697,0.1856096186361074,0.0139019349990606,1,6,11,17
8001,2261,5055,300,172,83,8,7,203,92,14,many country supporting ukraine introducing economic sanction russia lot tweet ukraine russia war people tend update ground truth feel supporting learn analyze sentiment people ukraine russian war learn perform twitter sentiment analysis ukraine russia war using python link bio,#data#datascience#dataanalysis#dataanalytics#datascientist#machinelearning#python#pythonprogramming#pythonprojects#pythoncode#artificialintelligence#ai#deeplearning#sentimentanalysis#sentiment#nlp#naturallanguageprocessing#amankharwal#thecleverprogrammer#ukraine,2024-03-05 09:52:56.470588235,image,39,1,0.0376202974628171,20,0.025,0.2825896762904636,0.6317960254968129,0.0374953130858642,0.0214973128358955,0,3,9,20
4150,1807,1085,463,792,74,4,2,145,75,28,company way creating otp verification company system programmed generate digit random number learn complete process otp verification using python,#python#pythonprogramming#pythonprojects#pythoncode#pythonlearning#pythondeveloper#pythoncoding#pythonprogrammer#amankharwal#thecleverprogrammer#pythonprojects#otp#otpverification,2024-01-07 03:13:36.806722689,image,19,6,0.0542168674698795,13,0.05,0.4354216867469879,0.2614457831325301,0.1115662650602409,0.1908433734939759,1,1,3,13
4609,2032,911,857,532,94,1,12,168,21,18,real world application python industry,#python#pythonprogramming#pythonprojects#pythoncode#pythonlearning#pythondeveloper#pythoncoding#pythonprogrammer#amankharwal#thecleverprogrammer#coding#programming#computerscience#datascience#webdevelopment#machinelearning,2024-03-11 13:06:33.277310924,image,5,0,0.0596658711217183,16,0.1666666666666666,0.4408765458884791,0.197656758515947,0.1859405510956823,0.1154263397700152,0,3,13,16
6348,2517,2660,737,154,188,4,15,194,26,12,data science student must found hard choose topic creating first data science project beginner university give list choose university give complete freedom student choose topic choose topic data science project complete guide choose topic data science project,#data#datascience#dataanalysis#dataanalytics#datascientist#machinelearning#python#pythonprogramming#pythonprojects#pythoncode#artificialintelligence#ai#deeplearning#machinelearningprojects#datascienceprojects#amankharwal#thecleverprogrammer,2024-11-11 22:11:05.546218488,carousel,37,0,0.063169502205419,17,0.0263157894736842,0.3965028355387524,0.4190296156269691,0.116099558916194,0.0242596093257718,0,11,22,17
11068,2099,2986,5634,122,214,7,8,250,39,34,best data science project idea based social medium try,#data#datascience#dataanalysis#dataanalytics#datascientist#machinelearning#python#pythonprogramming#pythonprojects#pythoncode#artificialintelligence#ai#deeplearning#machinelearningprojects#datascienceprojects#amankharwal#thecleverprogrammer,2024-10-30 15:43:51.932773108,carousel,9,2,0.0432779183230936,17,0.1,0.1896458258041199,0.2697867726779906,0.5090350560173473,0.0110227683411637,0,10,15,17
7231,1855,4156,703,309,73,8,3,171,74,26,researching instagram reach long time every time post instagram account collect data well post reach week help understanding instagrams algorithm working learn perform instagram reach analysis predict reach instagram post machine learning using python,#data#datascience#dataanalysis#dataanalytics#datascientist#machinelearning#python#pythonprogramming#pythonprojects#pythoncode#artificialintelligence#ai#deeplearning#machinelearningprojects#datascienceprojects#amankharwal#thecleverprogrammer#instagram#instagramreach,2024-09-23 20:22:11.092436976,image,34,0,0.0352648319734476,19,0.0285714285714285,0.2565343659244917,0.5747476144378371,0.09722030147974,0.0427326787442953,0,9,20,19
17396,1817,10008,5192,251,285,7,7,416,467,260,list machine learning algorithm model explained using python help understand implementation machine learning algorithm model solving realtime business problem find list machine learning algorithm model link bio,#machinelearning#machinelearningalgorithms#datascience#dataanalysis#dataanalytics#datascientist#python#pythonprogramming#pythonprojects#pythoncode#artificialintelligence#ai#deeplearning#algorithm#algorithms#amankharwal#thecleverprogrammer,2024-11-27 06:15:07.563025208,image,27,2,0.0411014026212922,17,0.0357142857142857,0.1044492986893538,0.5753046677397102,0.2984594159576914,0.0144286042768452,0,11,6,17
6814,2816,2769,900,128,469,8,22,249,24,16,best website follow learn everything data science,#datascience#datasciencejobs#datasciencetraining#datascienceeducation#datasciencecourse#data#dataanalysis#dataanalytics#datascientist#machinelearning#artificialintelligence#ai#deeplearning#machinelearningprojects#datascienceprojects#amankharwal#thecleverprogrammer,2024-08-14 23:23:41.848739496,video,7,2,0.1097739947167596,17,0.125,0.4132668036395656,0.4063692398004109,0.1320810096859407,0.0187848547108893,0,8,23,17
17713,2449,2141,12389,561,504,3,23,308,70,96,best resource learn sql data science,#sql#mysql#datascience#datasciencejobs#datasciencetraining#datascienceeducation#datasciencecourse#data#dataanalysis#dataanalytics#datascientist#machinelearning#artificialintelligence#ai#deeplearning#machinelearningprojects#datascienceprojects#amankharwal#thecleverprogrammer,2024-09-20 18:45:22.689075628,image,6,4,0.0473098853949076,19,0.1428571428571428,0.1382600350025405,0.1208716761700446,0.6994297973239993,0.0316716535877604,0,9,18,19
5563,3813,362,1135,76,149,5,8,163,22,20,best python library data visualization learn data science,#datavisualization#datascience#datasciencejobs#datasciencetraining#datascienceeducation#datasciencecourse#data#dataanalysis#dataanalytics#datascientist#machinelearning#artificialintelligence#ai#deeplearning#machinelearningprojects#datascienceprojects#amankharwal#thecleverprogrammer,2024-09-08 12:18:09.075630252,video,8,6,0.0584217149020312,18,0.1111111111111111,0.6854215351429085,0.065072802444724,0.2040266043501707,0.0136616933309365,1,9,12,18
4842,1658,694,2036,310,55,6,4,86,46,30,learn create interactive language translator using python programming language,#python#pythonprogramming#pythoncode#pythonlearning#pythondeveloper#pythonprogrammer#pythonprojects#python3#pythoncoding#pythonprogramminglanguage#amankharwal#thecleverprogrammer#nlp#naturallanguageprocessing,2024-12-31 00:00:00.000000000,image,9,1,0.0311854605534902,14,0.1,0.3424204874019,0.1433292028087567,0.4204874019000413,0.064023130937629,0,12,0,14
11149,4439,747,5762,53,273,4,13,210,61,58,python one best programming language numerical calculation know calculate mean median mode using python without using builtin python library module here calculate mean median mode using python,#python#pythonprogramming#pythoncode#pythonlearning#pythondeveloper#pythonprogrammer#pythonprojects#python3#pythoncoding#pythonprogramminglanguage#amankharwal#thecleverprogrammer,2024-03-02 08:16:08.067226891,video,27,5,0.0448470714862319,12,0.0357142857142857,0.3981523006547672,0.0670015248004305,0.516817651807337,0.0047537895775405,1,3,8,12
10206,2371,1624,6000,117,182,10,17,172,237,100,practice data science project beginner solved explained using python find project link bio,#datascience#datasciencejobs#datasciencetraining#datascienceeducation#datasciencecourse#data#dataanalysis#dataanalytics#datascientist#machinelearning#artificialintelligence#ai#deeplearning#machinelearningprojects#datascienceprojects#amankharwal#thecleverprogrammer,2024-07-03 00:48:24.201680672,carousel,13,2,0.0373309817754262,17,0.0714285714285714,0.2323143249069175,0.1591220850480109,0.5878894767783657,0.0114638447971781,0,7,0,17
13700,5185,3041,5352,77,573,2,38,373,73,80,best data science certification choose,#datascience#datasciencejobs#datasciencetraining#datascienceeducation#datasciencecourse#data#dataanalysis#dataanalytics#datascientist#machinelearning#artificialintelligence#ai#deeplearning#machinelearningprojects#datascienceprojects#amankharwal#thecleverprogrammer,2024-08-05 18:33:16.638655460,image,5,0,0.071970802919708,17,0.1666666666666666,0.3784671532846715,0.221970802919708,0.3906569343065693,0.0056204379562043,0,8,18,17
5731,1923,1368,2266,65,135,4,1,148,20,18,clustering machine learning technique used classify data point charaterized specific feature group unsupervised machine learning method data deal labelled best machine learning project idea clustering try,#machinelearning#machinelearningalgorithms#datascience#dataanalysis#dataanalytics#datascientist#python#pythonprogramming#pythonprojects#pythoncode#artificialintelligence#ai#deeplearning#algorithm#algorithms#amankharwal#thecleverprogrammer#clustering,2024-11-21 03:01:30.756302520,image,26,3,0.0502530099459082,18,0.037037037037037,0.335543535159658,0.238701797243064,0.3953934740882917,0.0113418251614028,0,11,3,18
4139,1133,1538,1367,33,36,0,1,92,34,10,clustering music genre task grouping music based similarity audio characteristic learn clustering analysis music genre machine learning using python,#machinelearning#machinelearningalgorithms#datascience#dataanalysis#dataanalytics#datascientist#python#pythonprogramming#pythonprojects#pythoncode#artificialintelligence#ai#deeplearning#algorithm#algorithms#amankharwal#thecleverprogrammer#clustering,2024-02-12 22:35:17.647058823,image,19,0,0.0311669485382942,18,0.05,0.2737376177820729,0.3715873399371829,0.3302730128050253,0.0079729403237496,0,2,22,18
32695,11815,3147,17414,170,1095,2,75,549,148,214,best data science certification choose,#datascience#datasciencejobs#datasciencetraining#datascienceeducation#datasciencecourse#data#dataanalysis#dataanalytics#datascientist#machinelearning#artificialintelligence#ai#deeplearning#machinelearningprojects#datascienceprojects#amankharwal#thecleverprogrammer,2024-10-09 04:26:13.109243696,image,5,2,0.0526380180455727,17,0.1666666666666666,0.3613702400978743,0.0962532497323749,0.5326196666156905,0.0051995717999694,0,10,4,17
36919,13473,4176,16444,2547,653,5,26,443,611,228,python project source code solved explained free link bio,#python#pythonprogramming#pythonprojects#pythoncode#pythonlearning#pythondeveloper#pythoncoding#pythonprogrammer#amankharwal#thecleverprogrammer#pythonprojects,2024-06-05 10:17:08.571428572,video,9,2,0.0305262872775535,11,0.1,0.36493404480078,0.1131124895040494,0.4454075137463095,0.0689888675207887,0,6,10,11
