,Impressions,From Home,From Hashtags,From Explore,From Other,Saves,Comments,Shares,Likes,Profile Visits,Follows,Caption,Hashtags,Timestamp,Content Type
0,3920,2586,1028,619,56,98,9,5,162,35,2,Here are some of the most important data visualizations that every Financial Data Analyst/Scientist should know.,#finance�#money�#business�#investing�#investment�#trading�#stockmarket�#data�#datascience�#dataanalysis�#dataanalytics�#datascientist�#machinelearning�#python�#pythonprogramming�#pythonprojects�#pythoncode�#artificialintelligence�#ai�#dataanalyst�#amankharwal�#thecleverprogrammer,2024-05-14 22:59:29.747899160,carousel
1,5394,2727,1838,1174,78,194,7,14,224,48,10,Here are some of the best data science project ideas on healthcare. If you want to become a data science professional in the healthcare domain then you must try to work on these projects.,#healthcare�#health�#covid�#data�#datascience�#dataanalysis�#dataanalytics�#datascientist�#machinelearning�#python�#pythonprogramming�#pythonprojects�#pythoncode�#artificialintelligence�#ai�#dataanalyst�#amankharwal�#thecleverprogrammer,2024-05-24 03:49:54.957983192,carousel
2,4021,2085,1188,0,533,41,11,1,131,62,12,Learn how to train a machine learning model and giving inputs to your trained model to make predictions using Python.,#data�#datascience�#dataanalysis�#dataanalytics�#datascientist�#machinelearning�#python�#pythonprogramming�#pythonprojects�#pythoncode�#artificialintelligence�#ai�#deeplearning�#machinelearningprojects�#datascienceprojects�#amankharwal�#thecleverprogrammer�#machinelearningmodels,2024-01-13 06:27:13.613445378,image
3,4528,2700,621,932,73,172,10,7,213,23,8,Here�s how you can write a Python program to detect whether a sentence is a question or not. The idea here is to find the words that we see in the beginning of a question in the beginning of a sentence.,#python�#pythonprogramming�#pythonprojects�#pythoncode�#pythonlearning�#pythondeveloper�#pythoncoding�#pythonprogrammer�#amankharwal�#thecleverprogrammer�#pythonprojects,2024-06-17 16:44:22.184873950,carousel
4,2518,1704,255,279,37,96,5,4,123,8,0,Plotting annotations while visualizing your data is considered good practice to make the graphs self-explanatory. Here is an example of how you can annotate a graph using Python.,#datavisualization�#datascience�#data�#dataanalytics�#machinelearning�#dataanalysis�#artificialintelligence�#python�#datascientist�#bigdata�#deeplearning�#dataviz�#ai�#analytics�#technology�#dataanalyst�#programming�#pythonprogramming�#statistics�#coding�#businessintelligence�#datamining�#tech�#business�#computerscience�#tableau�#database�#thecleverprogrammer�#amankharwal,2024-03-20 17:56:58.487394958,video
5,3884,2046,1214,329,43,74,7,10,144,9,2,Here are some of the most important soft skills that every data scientist should have.,#data�#datascience�#dataanalysis�#dataanalytics�#datascientist�#machinelearning�#python�#pythonprogramming�#pythonprojects�#pythoncode�#artificialintelligence�#ai�#deeplearning�#algorithm�#algorithms�#machinelearningalgorithms�#ml�#amankharwal�#thecleverprogrammer�#softskills,2024-07-15 07:15:37.815126050,image
6,2621,1543,599,333,25,22,5,1,76,26,0,Learn how to analyze a candlestick chart as a data scientist or a financial analyst. I hope this resource will help you to invest and analyze stock markets.,#stockmarket�#investing�#stocks�#trading�#money�#investment�#finance�#forex�#datavisualization�#datascience�#data�#dataanalytics�#machinelearning�#dataanalysis�#ai�#candlestick�#candlestickcharts,2024-08-11 21:46:53.445378152,video
7,3541,2071,628,500,60,135,4,9,124,12,6,Here are some of the best books that you can follow to learn Python from scratch.,#python�#pythonprogramming�#pythonprojects�#pythoncode�#pythonlearning�#pythondeveloper�#pythoncoding�#pythonprogrammer�#amankharwal�#thecleverprogrammer�#pythonprojects�#pythonbooks�#bookstagram,2024-01-31 16:08:04.033613445,video
8,3749,2384,857,248,49,155,6,8,159,36,4,Here are some of the best data analysis project ideas that you should try and show on your resume. These projects will help you to show your data analysis skills.,#dataanalytics�#datascience�#data�#machinelearning�#datavisualization�#bigdata�#artificialintelligence�#datascientist�#python�#analytics�#ai�#dataanalysis�#deeplearning�#technology�#programming�#coding�#dataanalyst�#business�#pythonprogramming�#datamining�#tech�#businessintelligence�#database�#computerscience�#statistics�#powerbi�#dataanalysisprojects�#businessanalytics�#thecleverprogrammer�#amankharwal,2024-05-02 16:32:16.134453782,video
9,4115,2609,1104,178,46,122,6,3,191,31,6,Here are two best ways to count the number of letters in a string using Python.,#python�#pythonprogramming�#pythonprojects�#pythoncode�#pythonlearning�#pythondeveloper�#pythoncoding�#pythonprogrammer�#amankharwal�#thecleverprogrammer�#pythonprojects,2024-11-24 04:38:19.159663864,carousel
10,2218,1597,411,162,15,28,6,3,81,29,4,Learn the implementation of AlexNet Convolutional Neural Network using Python. Link in Bio,#neuralnetwork�#machinelearning�#artificialintelligence�#deeplearning�#python�#ai�#datascience�#neuralnetworks�#programming�#tensorflow�#datascientist�#pythonprogramming�#tech�#technology�#artificialintelligenceai�#machinelearningalgorithms�#computerscience�#coding�#ml�#data�#amankharwal�#thecleverprogrammer�#alexnet,2024-02-25 05:02:31.260504202,carousel
11,3234,2414,476,185,75,122,8,14,151,15,0,Here�s how to get the live stock price data of any company by using the Python programming language.,#python�#pythonprogramming�#pythonprojects�#pythoncode�#pythonlearning�#pythondeveloper�#pythoncoding�#pythonprogrammer�#amankharwal�#thecleverprogrammer�#pythonprojects,2024-07-09 04:02:01.008403360,image
12,4344,2168,1274,673,40,119,7,11,162,8,2,"Here are some of the most important Python libraries for data science. If you know the fundamentals of all these Python libraries, you can work on any kind of data science problem.",#data�#datascience�#dataanalysis�#dataanalytics�#datascientist�#machinelearning�#python�#pythonprogramming�#pythonprojects�#pythoncode�#artificialintelligence�#ai�#deeplearning�#algorithm�#algorithms�#machinelearningalgorithms�#ml�#amankharwal�#thecleverprogrammer,2024-02-03 17:44:52.436974790,image
13,3216,2524,212,201,223,121,5,5,142,20,4,Here�s how to visualize an interactive candlestick chart using Python.,#stockmarket�#investing�#stocks�#trading�#money�#investment�#finance�#forex�#datavisualization�#datascience�#data�#dataanalytics�#machinelearning�#dataanalysis�#ai�#candlestick�#candlestickcharts�#amankharwal�#thecleverprogrammer,2024-04-20 10:05:02.521008404,carousel
14,9453,2525,5799,208,794,100,6,10,294,181,42,Omicron Variant Sentiment Analysis using Python: Link in Bio,#data�#datascience�#dataanalysis�#dataanalytics�#datascientist�#machinelearning�#python�#pythonprogramming�#pythonprojects�#pythoncode�#artificialintelligence�#ai�#deeplearning�#sentimentanalysis�#sentiment�#nlp�#naturallanguageprocessing�#amankharwal�#thecleverprogrammer,2024-09-29 23:35:47.899159664,video
15,5055,2017,2351,298,108,101,7,11,159,17,6,"In Data Science, Time Series Analysis is a method of analyzing data collected over an interval of time. Stock price data and covid-19 cases data are examples of time-series data. Time Series Analysis helps understand the underlying causes of trends and patterns at particular time intervals. So it is one of the topics that every data scientist should know perfectly. So if you are looking for some of the best books to learn Time Series Analysis, you can choose any one among these books.",#timeseries�#time�#statistics�#datascience�#bigdata�#machinelearning�#python�#ai�#timeseriesanalysis�#datavisualization�#dataanalytics�#data�#iot�#analysis�#timeseriesmalaysia�#artificialintelligence�#analytics�#amankharwal�#thecleverprogrammer,2024-10-06 02:49:24.705882352,image
16,4002,3401,278,128,73,111,17,18,205,16,2,"Here are some of the highest paying skills in 2022 that you should start learning today. These skills do not require you to come from a specific education background. If you are passionate about learning any of these skills, then you can easily find so many free resources on the internet. If you don�t know how to find free resources to learn these skills, feel free to reach me�@aman.kharwal, I will be happy to guide you.",#career�#job�#jobs�#jobsearch�#education�#business�#success�#careergoals�#motivation�#work�#careerdevelopment�#careers�#goals�#resume�#students�#careeradvice�#datascience�#marketing�#digitalmarketing�#media�#socialmedia�#IT�#webdevelopment�#amankharwal�#thecleverprogrammer,2024-11-30 07:51:55.966386552,carousel
17,3169,1979,707,341,32,106,8,1,121,21,2,"In Data Science, Time Series Analysis is a method of analyzing data collected over an interval of time. Stock price data and covid-19 cases data are examples of time-series data. Time Series Analysis helps understand the underlying causes of trends and patterns at particular time intervals. So it is one of the topics that every data scientist should know perfectly. So if you are looking for some of the best data science project ideas on Time Series Analysis, you should try to work on these projects.",#timeseries�#time�#statistics�#datascience�#bigdata�#machinelearning�#python�#ai�#timeseriesanalysis�#datavisualization�#dataanalytics�#data�#iot�#analysis�#timeseriesmalaysia�#artificialintelligence�#analytics�#amankharwal�#thecleverprogrammer,2024-01-01 00:00:00.000000000,carousel
18,6168,2177,3450,153,296,82,6,6,151,77,30,"Stress, anxiety, and depression are threatening the mental health of people. Every person has a reason for having a stressful life. People often share their feelings on social media platforms like on Instagram in the form of posts and stories, and on Reddit in the form of asking for suggestions about their life on subreddits. In the past few years, many content creators have come forward to create content to help people with their mental health. Many organizations can use stress detection to find which social media users are stressed to help them quickly. So if you want to learn how to use machine learning to detect stress on social media posts, this data science project is for you. Detection of stress from social media posts with machine learning using Python: Link in Bio.",#data�#datascience�#dataanalysis�#dataanalytics�#datascientist�#machinelearning�#python�#pythonprogramming�#pythonprojects�#pythoncode�#artificialintelligence�#ai�#deeplearning�#machinelearningprojects�#datascienceprojects�#amankharwal�#thecleverprogrammer�#machinelearningmodels�#stress�#stressdetection,2024-09-26 21:58:59.495798320,carousel
19,2407,1338,655,276,39,40,8,20,72,10,0,Data Science Use Cases: Here�s how Zomato is using your data for its future business model.,#data�#datascience�#dataanalysis�#dataanalytics�#datascientist�#machinelearning�#python�#pythonprogramming�#pythonprojects�#pythoncode�#artificialintelligence�#ai�#deeplearning�#machinelearningprojects�#datascienceprojects�#amankharwal�#thecleverprogrammer�#machinelearningmodels�#zomato�#business�#casestudy�#businessmodel,2024-11-14 23:47:53.949579832,video
20,2064,1304,362,249,37,49,4,5,76,9,0,"A boxplot is a statistical data visualization technique for analyzing the distribution and patterns of numerical data points of a dataset. It represents quartile 1, quartile 3, median, maximum and minimum data points of a feature which helps to understand the distribution of the numerical values of a dataset. Here�s how to analyze box plots as a Data Scientist.",#datavisualization�#datascience�#data�#dataanalytics�#machinelearning�#dataanalysis�#artificialintelligence�#python�#datascientist�#bigdata�#deeplearning�#dataviz�#ai�#analytics�#technology�#dataanalyst�#programming�#pythonprogramming�#statistics�#coding�#businessintelligence�#datamining�#tech�#business�#boxplots�#thecleverprogrammer�#amankharwal,2024-07-18 08:52:26.218487394,carousel
21,3973,2415,745,676,18,72,3,4,91,11,24,"Activation Functions are functions used in neural networks for calculating the weighted sum of input and biases. It's done to determine if a neuron should be activated or not. What happens is that the input layer receives the training data for training the neural network, the hidden layer is used to do all the calculations which help in finding relationships between the features of the data, and then the output layer gives the results which are controlled by the activation functions. They are placed after the hidden layers to produce the results for the neural network.",#neuralnetwork�#machinelearning�#artificialintelligence�#deeplearning�#python�#ai�#datascience�#neuralnetworks�#programming�#tensorflow�#datascientist�#pythonprogramming�#tech�#technology�#artificialintelligenceai�#machinelearningalgorithms�#computerscience�#coding�#ml�#data�#amankharwal�#thecleverprogrammer,2024-05-18 00:36:18.151260504,carousel
22,7281,3065,1254,2081,748,167,7,9,195,144,100,Learn how to send automatic emails using the Python programming language: Link in bio.,#python#pythonprogramming�#pythonprojects�#pythoncode�#pythonlearning�#pythondeveloper�#pythoncoding�#pythonprogrammer�#amankharwal�#thecleverprogrammer�#pythonprojects,2024-04-05 02:01:00.504201680,carousel
23,3052,2608,201,121,87,63,5,14,129,14,2,Here are all the programming languages that Google uses in the Front-end and the back-end of Google.,#programming�#coding�#programmer�#python�#developer�#javascript�#technology�#code�#coder�#java�#html�#computerscience�#tech�#css�#webdeveloper�#software�#webdevelopment�#codinglife�#softwaredeveloper�#linux�#programmingmemes�#webdesign�#programmers�#php�#programminglife�#machinelearning�#hacking�#pythonprogramming�#thecleverprogrammer�#amankharwal,2024-08-02 16:56:28.235294116,carousel
24,4628,2406,1260,861,26,144,8,3,160,10,4,"Deep Learning is a subset of machine learning. If you want to become a machine learning engineer, you should know everything about deep learning. If you are looking for some of the best free resources to learn deep learning then here are the two best free resources to learn deep learning.",#deeplearning�#machinelearning�#artificialintelligence�#datascience�#ai�#python�#coding�#technology�#programming�#bigdata�#dataanalytics�#datascientist�#data�#computerscience�#tech�#neuralnetwork�#amankharwal�#thecleverprogrammer,2024-05-08 19:45:52.941176470,image
25,4082,2195,1248,541,36,135,11,5,175,19,6,Deep learning is a subset of machine learning in which we use artificial neural networks to train models to solve complex problems where we need a large amount of data compared to other machine learning algorithms. Here are some of the best deep learning project ideas that you must try.,#deeplearning�#machinelearning�#artificialintelligence�#datascience�#ai�#python�#coding�#technology�#programming�#bigdata�#dataanalytics�#datascientist�#data�#computerscience�#tech�#neuralnetwork�#amankharwal�#thecleverprogrammer,2024-02-06 19:21:40.840336134,image
26,5394,2275,2975,45,65,61,19,6,147,69,6,"You must have heard or invested in any cryptocurrency once in your life. It is a digital medium of exchange that is encrypted and decentralized. If you want to know how to predict the future prices of any cryptocurrency with machine learning, this will help you. Here you will learn how to predict the future prices of bitcoin with machine learning using Python.",#data�#datascience�#dataanalysis�#dataanalytics�#datascientist�#machinelearning�#python�#pythonprogramming�#pythonprojects�#pythoncode�#artificialintelligence�#ai�#deeplearning�#machinelearningprojects�#datascienceprojects�#amankharwal�#thecleverprogrammer�#bitcoin�#cryptocurrency,2024-02-16 00:12:06.050420168,carousel
27,2766,2541,116,51,9,40,10,4,114,11,6,Here are all the programming languages that Facebook uses in the Front-end and the back-end of Facebook.,#programming�#coding�#programmer�#python�#developer�#javascript�#technology�#code�#coder�#java�#html�#computerscience�#tech�#css�#webdeveloper�#software�#webdevelopment�#codinglife�#softwaredeveloper�#linux�#programmingmemes�#webdesign�#programmers�#php�#programminglife�#machinelearning�#hacking�#pythonprogramming�#thecleverprogrammer�#amankharwal,2024-12-15 15:55:57.983193276,video
28,3924,2244,1278,326,34,139,11,3,151,19,2,Here are some of the most popular data science case studies and projects that every data science beginner should try. You can find these case studies and projects with solutions at Kaggle.,#data�#datascience�#dataanalysis�#dataanalytics�#datascientist�#machinelearning�#python�#pythonprogramming�#pythonprojects�#pythoncode�#artificialintelligence�#ai�#deeplearning�#algorithm�#algorithms�#machinelearningalgorithms�#ml�#amankharwal�#thecleverprogrammer�#projects�#casestudies,2024-08-21 02:37:18.655462184,image
29,3015,2034,771,115,41,52,11,4,92,9,2,Here�s how Amazon uses your data as an e-commerce platform. I hope this post will help you to understand how Amazon is using data science to improve the quality of its services.,#data�#datascience�#dataanalysis�#dataanalytics�#datascientist�#machinelearning�#python�#pythonprogramming�#pythonprojects�#pythoncode�#artificialintelligence�#ai�#deeplearning�#machinelearningprojects�#datascienceprojects�#amankharwal�#thecleverprogrammer�#machinelearningmodels�#zomato�#business�#casestudy�#businessmodel�#amazonfinds,2024-10-24 12:30:15.126050420,carousel
30,6666,1977,4604,48,23,84,9,3,214,57,20,Google Search Analysis is one of the best data analysis project ideas for someone who wants to work as a data analyst in marketing. Here your task is to analyze the search trends on Google. You can learn how to analyze the google search trends by visiting the link in bio.,#data�#datascience�#dataanalysis�#dataanalytics�#datascientist�#machinelearning�#python�#pythonprogramming�#pythonprojects�#pythoncode�#artificialintelligence�#ai�#deeplearning�#machinelearningprojects�#datascienceprojects�#amankharwal�#thecleverprogrammer,2024-03-14 14:43:21.680672269,image
31,3854,1975,1721,60,43,81,11,15,150,13,2,Here are all the databases that Google uses.,#data�#technology�#datascience�#business�#tech�#bigdata�#dataanalytics�#machinelearning�#ai�#analytics�#datavisualization�#security�#artificialintelligence�#cybersecurity�#programming�#python�#software�#coding�#network�#internet�#cloud�#dataanalysis�#innovation�#datascientist�#database�#amankharwal�#thecleverprogrammer�#google,2024-08-27 05:50:55.462184872,image
32,4355,2879,139,1239,32,79,8,4,122,11,4,Here are some of the popular programming languages with their uses.,#programming�#coding�#programmer�#python�#developer�#javascript�#technology�#code�#coder�#java�#html�#computerscience�#tech�#css�#webdeveloper�#software�#webdevelopment�#codinglife�#softwaredeveloper�#linux�#programmingmemes�#webdesign�#programmers�#php�#programminglife�#machinelearning�#hacking�#pythonprogramming�#thecleverprogrammer�#amankharwal,2024-03-08 11:29:44.873949580,video
33,4343,2278,1460,521,27,105,6,3,152,24,8,Natural language processing or NLP is a subfield of artificial intelligence where we build applications to interact with humans. Here is the complete process that you should follow while working on every problem based on natural language processing.,#data�#datascience�#dataanalysis�#dataanalytics�#datascientist�#machinelearning�#python�#pythonprogramming�#pythonprojects�#pythoncode�#artificialintelligence�#ai�#deeplearning�#sentimentanalysis�#sentiment�#nlp�#naturallanguageprocessing�#amankharwal�#thecleverprogrammer,2024-10-21 10:53:26.722689076,carousel
34,6108,2679,2803,562,26,90,7,8,196,81,26,LSTM stands for Long Short Term Memory Networks. It is a type of recurrent neural network that is commonly used for regression and time series forecasting in machine learning. Here you will learn how to use the LSTM Neural Network for the task of Stock Price Prediction using Python.,#neuralnetwork�#machinelearning�#artificialintelligence�#deeplearning�#python�#ai�#datascience�#neuralnetworks�#programming�#tensorflow�#datascientist�#pythonprogramming�#tech�#technology�#artificialintelligenceai�#machinelearningalgorithms�#computerscience�#coding�#ml�#data�#amankharwal�#thecleverprogrammer,2024-06-20 18:21:10.588235294,carousel
35,2523,1659,796,29,21,34,6,0,86,4,2,Tokenization is the first step you should perform after collecting a textual dataset in every problem based on Natural Language Processing. Sentence and Word tokenization are two different strategies of tokenization that you should know.,#data�#datascience�#dataanalysis�#dataanalytics�#datascientist�#machinelearning�#python�#pythonprogramming�#pythonprojects�#pythoncode�#artificialintelligence�#ai�#deeplearning�#sentimentanalysis�#sentiment�#nlp�#naturallanguageprocessing�#amankharwal�#thecleverprogrammer,2024-12-03 09:28:44.369747900,video
36,2327,1774,435,59,35,45,3,3,85,7,2,Here are all the databases that are used by Facebook.,#data�#technology�#datascience�#business�#tech�#bigdata�#dataanalytics�#machinelearning�#ai�#analytics�#datavisualization�#security�#artificialintelligence�#cybersecurity�#programming�#python�#software�#coding�#network�#internet�#cloud�#dataanalysis�#innovation�#datascientist�#database�#amankharwal�#thecleverprogrammer�#facebook,2024-04-02 00:24:12.100840336,video
37,3990,2123,1482,332,36,98,4,11,156,14,4,Here are some of the best data science project ideas on natural language processing that you should try.,#data�#datascience�#dataanalysis�#dataanalytics�#datascientist�#machinelearning�#python�#pythonprogramming�#pythonprojects�#pythoncode�#artificialintelligence�#ai�#deeplearning�#sentimentanalysis�#sentiment�#nlp�#naturallanguageprocessing�#amankharwal�#thecleverprogrammer,2024-06-11 13:30:45.378151260,carousel
38,2191,1308,809,45,18,35,2,1,72,18,0,Language detection is a natural language processing task where we need to identify the language of a text or document. Here you will learn how to train a machine learning model for language detection using Python.,#data�#datascience�#dataanalysis�#dataanalytics�#datascientist�#machinelearning�#python�#pythonprogramming�#pythonprojects�#pythoncode�#artificialintelligence�#ai�#deeplearning�#sentimentanalysis�#sentiment�#nlp�#naturallanguageprocessing�#amankharwal�#thecleverprogrammer,2024-12-27 22:23:11.596638656,carousel
39,1941,1466,411,37,17,49,6,3,82,8,2,A neural network is a computational structure that connects an input layer to an output layer. Here�s how a neural network works.,#neuralnetwork�#machinelearning�#artificialintelligence�#deeplearning�#python�#ai�#datascience�#neuralnetworks�#programming�#tensorflow�#datascientist�#pythonprogramming�#tech�#technology�#artificialintelligenceai�#machinelearningalgorithms�#computerscience�#coding�#ml�#data�#amankharwal�#thecleverprogrammer,2024-01-28 14:31:15.630252101,video
40,16062,3144,11817,564,468,252,6,20,416,330,94,280 Machine Learning Projects Solved & Explained using Python programming language: Link in Bio,#data�#datascience�#dataanalysis�#dataanalytics�#datascientist�#machinelearning�#python�#pythonprogramming�#pythonprojects�#pythoncode�#artificialintelligence�#ai�#deeplearning�#machinelearningprojects�#datascienceprojects�#amankharwal�#thecleverprogrammer,2024-04-11 05:14:37.310924370,image
41,4998,2331,2195,318,75,167,4,13,180,21,8,Here is how you can prepare yourself for your very first data science interview.,#data�#datascience�#dataanalysis�#dataanalytics�#datascientist�#machinelearning�#python�#pythonprogramming�#pythonprojects�#pythoncode�#artificialintelligence�#ai�#deeplearning�#machinelearningprojects�#datascienceprojects�#amankharwal�#thecleverprogrammer�#interview�#datascienceinterview,2024-03-17 16:20:10.084033613,image
42,4289,2746,869,589,24,111,8,4,150,19,18,Here is the difference between the process of Deep Learning and Machine Learning.,#data�#datascience�#dataanalysis�#dataanalytics�#datascientist�#machinelearning�#python�#pythonprogramming�#pythonprojects�#pythoncode�#artificialintelligence�#ai�#deeplearning�#machinelearningprojects�#datascienceprojects�#amankharwal�#thecleverprogrammer�#interview�#neuralnetworks,2024-07-30 15:19:39.831932772,video
43,3880,2207,1109,199,317,90,4,2,127,32,10,"Each company has its ways of creating an OTP for verification, but most of the companies have their systems programmed to generate a 6-digit random number. So here you will learn the complete process of OTP verification using Python.",#python�#pythonprogramming�#pythonprojects�#pythoncode�#pythonlearning�#pythondeveloper�#pythoncoding�#pythonprogrammer�#amankharwal�#thecleverprogrammer�#pythonprojects�#otp�#otpverification,2024-03-26 21:10:35.294117647,image
44,3786,2632,616,468,25,144,9,5,167,19,4,Here�s how you can create a QR code by using the Python programming language.,#python�#pythonprogramming�#pythonprojects�#pythoncode�#pythonlearning�#pythondeveloper�#pythoncoding�#pythonprogrammer�#amankharwal�#thecleverprogrammer�#pythonprojects�#qrcodes,2024-10-27 14:07:03.529411764,video
45,4298,3050,969,181,64,263,6,19,225,21,4,Here are some of the best Python project ideas for resume that you can work on as a Python developer.,#python�#pythonprogramming�#pythonprojects�#pythoncode�#pythonlearning�#pythondeveloper�#pythoncoding�#pythonprogrammer�#amankharwal�#thecleverprogrammer�#pythonprojects,2024-09-17 17:08:34.285714284,image
46,3630,1747,1693,72,86,137,4,10,137,14,4,Here are some of the best data analysis project ideas for resume that you should try.,#data�#datascience�#dataanalysis�#dataanalytics�#datascientist�#machinelearning�#python�#pythonprogramming�#pythonprojects�#pythoncode�#artificialintelligence�#ai�#deeplearning�#machinelearningprojects�#datascienceprojects�#amankharwal�#thecleverprogrammer,2024-01-16 08:04:02.016806722,image
47,2826,2108,583,76,34,67,3,3,114,30,4,Visualizing data is one of the most valuable skills every Data Scientist and Analyst should have. There are a lot of data visualizations to learn in data science. Here you will find a list of all data visualizations for data science explained using Python.,#dataanalytics�#datascience�#data�#machinelearning�#datavisualization�#bigdata�#artificialintelligence�#datascientist�#python�#analytics�#ai�#dataanalysis�#deeplearning�#technology�#programming�#coding�#dataanalyst�#business�#pythonprogramming�#datamining�#tech�#businessintelligence�#database�#computerscience�#statistics�#powerbi�#dataanalysisprojects�#businessanalytics�#thecleverprogrammer�#amankharwal,2024-10-03 01:12:36.302521008,carousel
48,7407,2782,1938,2237,226,288,5,15,263,39,18,Here are some of the most important machine learning algorithms that every beginner in machine learning should know.,#data�#datascience�#dataanalysis�#dataanalytics�#datascientist�#machinelearning�#python�#pythonprogramming�#pythonprojects�#pythoncode�#artificialintelligence�#ai�#deeplearning�#machinelearningprojects�#datascienceprojects�#amankharwal�#thecleverprogrammer,2024-07-27 13:42:51.428571428,carousel
49,10386,4137,3551,2355,205,668,8,41,328,42,38,Here are some of the best websites that you can follow to learn everything in data science.,#data�#datascience�#dataanalysis�#dataanalytics�#datascientist�#machinelearning�#python�#pythonprogramming�#pythonprojects�#pythoncode�#artificialintelligence�#ai�#deeplearning�#machinelearningprojects�#datascienceprojects�#amankharwal�#thecleverprogrammer,2024-04-29 14:55:27.731092436,image
50,2998,1945,794,84,139,42,4,1,126,31,10,Time series analysis means analyzing and finding patterns in a time series dataset. A time-series dataset is a sequence of data collected over an interval of time. Here you will learn how to do Time Series Analysis using Python.,#timeseries�#time�#statistics�#datascience�#bigdata�#machinelearning�#python�#ai�#timeseriesanalysis�#datavisualization�#dataanalytics�#data�#iot�#analysis�#timeseriesmalaysia�#artificialintelligence�#analytics�#amankharwal�#thecleverprogrammer,2024-05-30 07:03:31.764705882,image
51,7018,2569,4221,796,83,342,9,16,236,20,12,Here are some of the best data sources that you can use to collect data for your data science projects.,#data�#datascience�#dataanalysis�#dataanalytics�#datascientist�#machinelearning�#python�#pythonprogramming�#pythonprojects�#pythoncode�#artificialintelligence�#ai�#deeplearning�#machinelearningprojects�#datascienceprojects�#amankharwal�#thecleverprogrammer,2024-04-17 08:28:14.117647058,carousel
52,2941,1716,1058,84,48,48,2,1,99,12,4,"One of the mistakes data science newbies make while working on a machine learning project is that they train a machine learning model, check its accuracy score, and then complete the project. They do not test the performance of the model by giving inputs to the model based on the features they used to train it. Here you will learn how to give inputs to a machine learning model to test its performance.",#data�#datascience�#dataanalysis�#dataanalytics�#datascientist�#machinelearning�#python�#pythonprogramming�#pythonprojects�#pythoncode�#artificialintelligence�#ai�#deeplearning�#machinelearningprojects�#datascienceprojects�#amankharwal�#thecleverprogrammer,2024-02-19 01:48:54.453781512,carousel
53,6432,2812,2974,468,72,250,11,8,212,22,4,Here are some of the best data science project ideas for resume that you should try in 2022.,#data�#datascience�#dataanalysis�#dataanalytics�#datascientist�#machinelearning�#python�#pythonprogramming�#pythonprojects�#pythoncode�#artificialintelligence�#ai�#deeplearning�#machinelearningprojects�#datascienceprojects�#amankharwal�#thecleverprogrammer,2024-07-21 10:29:14.621848740,carousel
54,10667,3152,6564,617,187,219,13,15,297,306,74,170 Python Projects with Source Code solved and explained for free: Link in Bio,#python�#pythonprogramming�#pythonprojects�#pythoncode�#pythonlearning�#pythondeveloper�#pythoncoding�#pythonprogrammer�#amankharwal�#thecleverprogrammer�#pythonprojects,2024-04-14 06:51:25.714285714,video
55,3988,2415,802,545,64,118,6,9,142,13,0,Here are some of the most important data visualizations that every data scientist must know.,#datavisualization�#datascience�#data�#dataanalytics�#machinelearning�#dataanalysis�#artificialintelligence�#python�#datascientist�#bigdata�#deeplearning�#dataviz�#ai�#analytics�#technology�#dataanalyst�#programming�#pythonprogramming�#statistics�#coding�#businessintelligence�#datamining�#tech�#business�#computerscience�#tableau�#database�#bigdataanalytics�#powerbi,2024-12-12 14:19:09.579831932,image
56,4978,2125,2249,354,99,143,9,2,186,26,6,Here are some of the best data science projects ideas based on recommendation systems that you should try.,#recommended�#recommendations�#recommendationsystem�#recommendation�#data�#datascience�#dataanalysis�#dataanalytics�#datascientist�#machinelearning�#python�#pythonprogramming�#pythonprojects�#pythoncode�#artificialintelligence�#ai�#amankharwal�#thecleverprogrammer,2024-01-22 11:17:38.823529411,carousel
57,3388,1975,1018,244,44,99,1,7,112,16,6,"Variance, covariance, and correlation are statistical measures for finding the relationship between data points in a dataset. Here�s the difference between variance, covariance, and correlation that you should know.",#datavisualization�#datascience�#data�#dataanalytics�#machinelearning�#dataanalysis�#artificialintelligence�#python�#datascientist�#bigdata�#deeplearning�#dataviz�#ai�#analytics�#technology�#dataanalyst�#programming�#pythonprogramming�#statistics�#amankharwal�#thecleverprogrammer,2024-05-11 21:22:41.344537814,image
58,4467,1910,1880,492,60,89,3,16,149,15,0,Here are some of the popular applications of data science in finance.,#data�#datascience�#dataanalysis�#dataanalytics�#datascientist�#machinelearning�#python�#pythonprogramming�#pythonprojects�#pythoncode�#artificialintelligence�#ai�#deeplearning�#machinelearningprojects�#datascienceprojects�#amankharwal�#thecleverprogrammer�#finance�#business�#money�#investing,2024-08-08 20:10:05.042016808,video
59,3246,2508,166,360,139,148,5,14,132,15,6,Here are some of the best websites to prepare for coding interviews.,#coding�#programming�#programmer�#python�#developer�#javascript�#code�#coder�#technology�#html�#computerscience�#codinglife�#java�#webdeveloper�#tech�#css�#webdevelopment�#software�#softwaredeveloper�#interview�#job�#codinginterview�#amankharwal�#thecleverprogrammer,2024-07-24 12:06:03.025210084,video
60,5072,1780,3090,69,76,42,7,6,115,39,12,"The introduction of online payment systems has helped a lot in the ease of payments. But, at the same time, it increased in payment frauds. Here you will learn how to detect online payment frauds with machine learning using Python.",#data�#datascience�#dataanalysis�#dataanalytics�#datascientist�#machinelearning�#python�#pythonprogramming�#pythonprojects�#pythoncode�#artificialintelligence�#ai�#deeplearning�#machinelearningprojects�#datascienceprojects�#amankharwal�#thecleverprogrammer,2024-09-11 13:54:57.478991596,carousel
61,6339,2190,4036,48,27,171,8,5,248,21,10,Here are some of the best data science project ideas on healthcare. If you want to become a data science professional in the healthcare domain then you must try to work on these projects.,#healthcare�#health�#covid�#data�#datascience�#dataanalysis�#dataanalytics�#datascientist�#machinelearning�#python�#pythonprogramming�#pythonprojects�#pythoncode�#artificialintelligence�#ai�#dataanalyst�#amankharwal�#thecleverprogrammer,2024-03-23 19:33:46.890756302,video
62,4239,1711,2429,36,50,109,2,1,178,8,8,Here are some of the most important tools that I use daily as a Data Scientist/Analyst.,#data�#datascience�#dataanalysis�#dataanalytics�#datascientist�#machinelearning�#python�#pythonprogramming�#pythonprojects�#pythoncode�#artificialintelligence�#ai�#deeplearning�#machinelearningprojects�#datascienceprojects�#amankharwal�#thecleverprogrammer,2024-02-28 06:39:19.663865546,image
63,3454,1663,1284,166,234,38,0,0,107,45,8,Here you will learn how to visualize the linear regression algorithm in machine learning using Python. Find this complete tutorial from the link in bio??,#data�#datascience�#dataanalysis�#dataanalytics�#datascientist�#machinelearning�#python�#pythonprogramming�#pythonprojects�#pythoncode�#artificialintelligence�#ai�#deeplearning�#algorithm�#algorithms�#machinelearningalgorithms�#amankharwal�#thecleverprogrammer,2024-10-18 09:16:38.319327732,carousel
64,7571,3717,841,1716,1115,421,7,12,269,50,46,Here are some of the very useful Python scripts that you can use to solve real-time problems in your projects.,#python�#pythonprogramming�#pythonprojects�#pythoncode�#pythonlearning�#pythondeveloper�#pythoncoding�#pythonprogrammer�#amankharwal�#thecleverprogrammer,2024-11-02 17:20:40.336134452,image
65,3333,1502,1423,182,148,38,3,5,96,37,12,"If you want to know how to predict the future prices of any cryptocurrency with machine learning, this will help you. Here you will learn how to predict the future prices of bitcoin with machine learning using Python.",#data�#datascience�#dataanalysis�#dataanalytics�#datascientist�#machinelearning�#python�#pythonprogramming�#pythonprojects�#pythoncode�#artificialintelligence�#ai�#deeplearning�#machinelearningprojects�#datascienceprojects�#amankharwal�#thecleverprogrammer�#bitcoin�#cryptocurrency,2024-01-25 12:54:27.226890756,image
66,3818,2357,442,250,536,116,6,0,134,25,10,"To calculate the execution time of the program, we need to calculate the time taken by the program from its initiation to the final result. Here�s how to calculate the execution time of a Python program.",#python�#pythonprogramming�#pythonprojects�#pythoncode�#pythonlearning�#pythondeveloper�#pythoncoding�#pythonprogrammer�#amankharwal�#thecleverprogrammer,2024-02-09 20:58:29.243697479,video
67,10933,3152,6610,623,334,225,13,15,301,347,94,170 Python Projects with Source Code solved and explained for free: Link in Bio,#python�#pythonprogramming�#pythonprojects�#pythoncode�#pythonlearning�#pythondeveloper�#pythoncoding�#pythonprogrammer�#amankharwal�#thecleverprogrammer�#pythonprojects,2024-09-14 15:31:45.882352940,video
68,5058,2125,2250,362,111,144,9,2,187,26,6,Here are some of the best data science projects ideas based on recommendation systems that you should try.,#recommended�#recommendations�#recommendationsystem�#recommendation�#data�#datascience�#dataanalysis�#dataanalytics�#datascientist�#machinelearning�#python�#pythonprogramming�#pythonprojects�#pythoncode�#artificialintelligence�#ai�#amankharwal�#thecleverprogrammer,2024-01-10 04:50:25.210084033,video
69,3601,1570,1518,174,167,51,0,3,94,48,10,One of the most popular use cases of data science is the task of sentiment analysis of product reviews sold on e-commerce platforms. Here you will learn how to analyze the sentiments of Flipkart reviews using Python.,#data�#datascience�#dataanalysis�#dataanalytics�#datascientist�#machinelearning�#python�#pythonprogramming�#pythonprojects�#pythoncode�#artificialintelligence�#ai�#deeplearning�#sentimentanalysis�#sentiment�#nlp�#naturallanguageprocessing�#amankharwal�#thecleverprogrammer�#flipkart,2024-02-22 03:25:42.857142857,video
70,3480,1975,1019,245,72,104,1,7,114,16,6,"Variance, covariance, and correlation are statistical measures for finding the relationship between data points in a dataset. Here�s the difference between variance, covariance, and correlation that you should know.",#datavisualization�#datascience�#data�#dataanalytics�#machinelearning�#dataanalysis�#artificialintelligence�#python�#datascientist�#bigdata�#deeplearning�#dataviz�#ai�#analytics�#technology�#dataanalyst�#programming�#pythonprogramming�#statistics�#amankharwal�#thecleverprogrammer,2024-04-26 13:18:39.327731092,video
71,3525,1323,1699,182,292,33,5,0,96,26,4,You must have seen the news divided into categories when you go to a news website. Here you will learn how to classify news articles with machine learning using Python.,#data�#datascience�#dataanalysis�#dataanalytics�#datascientist�#machinelearning�#python�#pythonprogramming�#pythonprojects�#pythoncode�#artificialintelligence�#ai�#deeplearning�#machinelearningprojects�#datascienceprojects�#amankharwal�#thecleverprogrammer�#news,2024-12-24 20:46:23.193277312,carousel
72,3606,2509,183,446,300,174,5,15,138,17,12,Here are some of the best websites to prepare for coding interviews.,#coding�#programming�#programmer�#python�#developer�#javascript�#code�#coder�#technology�#html�#computerscience�#codinglife�#java�#webdeveloper�#tech�#css�#webdevelopment�#software�#softwaredeveloper�#interview�#job�#codinginterview�#amankharwal�#thecleverprogrammer,2024-01-19 09:40:50.420168067,image
73,5542,1782,3212,213,168,46,7,6,122,52,16,"The introduction of online payment systems has helped a lot in the ease of payments. But, at the same time, it increased in payment frauds. Here you will learn how to detect online payment frauds with machine learning using Python.",#data�#datascience�#dataanalysis�#dataanalytics�#datascientist�#machinelearning�#python�#pythonprogramming�#pythonprojects�#pythoncode�#artificialintelligence�#ai�#deeplearning�#machinelearningprojects�#datascienceprojects�#amankharwal�#thecleverprogrammer,2024-08-24 04:14:07.058823528,image
74,6559,2225,4041,158,72,179,8,6,257,22,12,Here are some of the best data science project ideas on healthcare. If you want to become a data science professional in the healthcare domain then you must try to work on these projects.,#healthcare�#health�#covid�#data�#datascience�#dataanalysis�#dataanalytics�#datascientist�#machinelearning�#python�#pythonprogramming�#pythonprojects�#pythoncode�#artificialintelligence�#ai�#dataanalyst�#amankharwal�#thecleverprogrammer,2024-12-06 11:05:32.773109244,image
75,3623,1179,1527,157,655,34,3,0,95,41,8,Learn how to create an interactive language translator using Python: Link in Bio,#python�#pythonprogramming�#pythonprojects�#pythoncode�#pythonlearning�#pythondeveloper�#pythoncoding�#pythonprogrammer�#amankharwal�#thecleverprogrammer�#naturallanguageprocessing�#nlp,2024-10-15 07:39:49.915966384,image
76,10493,2106,7761,248,238,99,9,1,244,155,32,Here is a list of 100+ Machine Learning Algorithms and Models explained using Python that will help you to understand the implementation of all the machine learning algorithms and models in solving real-time business problems. You can find this list of 100+ Machine Learning Algorithms and Models from the link in bio.,#data�#datascience�#dataanalysis�#dataanalytics�#datascientist�#machinelearning�#python�#pythonprogramming�#pythonprojects�#pythoncode�#artificialintelligence�#ai�#deeplearning�#algorithm�#algorithms�#machinelearningalgorithms�#amankharwal�#thecleverprogrammer,2024-06-14 15:07:33.781512604,video
77,4446,2454,1590,192,69,174,6,11,190,12,8,Here are some of the best YouTube channels that you can follow to learn data science.,#data�#datascience�#dataanalysis�#dataanalytics�#datascientist�#machinelearning�#python�#pythonprogramming�#pythonprojects�#pythoncode�#artificialintelligence�#ai�#deeplearning�#machinelearningprojects�#datascienceprojects�#amankharwal�#thecleverprogrammer,2024-06-02 08:40:20.168067226,image
78,2957,1926,349,217,369,70,4,2,118,22,16,Python program to count the number of capital letters from a file.,#python�#pythonprogramming�#pythonprojects�#pythoncode�#pythonlearning�#pythondeveloper�#pythoncoding�#pythonprogrammer�#amankharwal�#thecleverprogrammer�#pythonprogram�@codergallery,2024-09-02 09:04:32.268907564,carousel
79,5538,2597,2376,412,63,149,6,6,178,20,6,"Follow these steps to collect your WhatsApp chat data for a data science project. You can use your WhatsApp chat data for Text Analysis, Sentiment Analysis, and many more tasks based on Natural Language Processing.",#data�#datascience�#dataanalysis�#dataanalytics�#datascientist�#machinelearning�#python�#pythonprogramming�#pythonprojects�#pythoncode�#artificialintelligence�#ai�#deeplearning�#machinelearningprojects�#datascienceprojects�#amankharwal�#thecleverprogrammer�#whatsapp,2024-05-21 02:13:06.554621848,carousel
80,4681,2252,1674,360,308,207,7,12,170,23,10,Here are some of the best resources on the internet to learn machine learning for free.,#data�#datascience�#dataanalysis�#dataanalytics�#datascientist�#machinelearning�#python�#pythonprogramming�#pythonprojects�#pythoncode�#artificialintelligence�#ai�#deeplearning�#machinelearningprojects�#datascienceprojects�#amankharwal�#thecleverprogrammer,2024-09-05 10:41:20.672268908,image
81,5273,2673,2003,433,114,318,9,22,250,25,10,"Here is a complete roadmap to data science that you can follow to learn data science from scratch. All the resources to learn from are also mentioned here. Swipe>>, Save, and Share.",#data�#datascience�#dataanalysis�#dataanalytics�#datascientist�#machinelearning�#python�#pythonprogramming�#pythonprojects�#pythoncode�#artificialintelligence�#ai�#deeplearning�#machinelearningprojects�#datascienceprojects�#amankharwal�#thecleverprogrammer�#roadmap,2024-07-06 02:25:12.605042016,image
82,5055,2017,2351,298,108,101,7,11,159,17,6,"In Data Science, Time Series Analysis is a method of analyzing data collected over an interval of time. Stock price data and covid-19 cases data are examples of time-series data. Time Series Analysis helps understand the underlying causes of trends and patterns at particular time intervals. So it is one of the topics that every data scientist should know perfectly. So if you are looking for some of the best books to learn Time Series Analysis, you can choose any one among these books.",#timeseries�#time�#statistics�#datascience�#bigdata�#machinelearning�#python�#ai�#timeseriesanalysis�#datavisualization�#dataanalytics�#data�#iot�#analysis�#timeseriesmalaysia�#artificialintelligence�#analytics�#amankharwal�#thecleverprogrammer,2024-12-21 19:09:34.789915964,carousel
83,4002,3401,278,128,73,111,17,18,205,16,2,"Here are some of the highest paying skills in 2022 that you should start learning today. These skills do not require you to come from a specific education background. If you are passionate about learning any of these skills, then you can easily find so many free resources on the internet. If you don�t know how to find free resources to learn these skills, feel free to reach me�@aman.kharwal, I will be happy to guide you.",#career�#job�#jobs�#jobsearch�#education�#business�#success�#careergoals�#motivation�#work�#careerdevelopment�#careers�#goals�#resume�#students�#careeradvice�#datascience�#marketing�#digitalmarketing�#media�#socialmedia�#IT�#webdevelopment�#amankharwal�#thecleverprogrammer,2024-08-30 07:27:43.865546216,carousel
84,3169,1979,707,341,32,106,8,1,121,21,2,"In Data Science, Time Series Analysis is a method of analyzing data collected over an interval of time. Stock price data and covid-19 cases data are examples of time-series data. Time Series Analysis helps understand the underlying causes of trends and patterns at particular time intervals. So it is one of the topics that every data scientist should know perfectly. So if you are looking for some of the best data science project ideas on Time Series Analysis, you should try to work on these projects.",#timeseries�#time�#statistics�#datascience�#bigdata�#machinelearning�#python�#ai�#timeseriesanalysis�#datavisualization�#dataanalytics�#data�#iot�#analysis�#timeseriesmalaysia�#artificialintelligence�#analytics�#amankharwal�#thecleverprogrammer,2024-10-12 06:03:01.512605040,video
85,6168,2177,3450,153,296,82,6,6,151,77,30,"Stress, anxiety, and depression are threatening the mental health of people. Every person has a reason for having a stressful life. People often share their feelings on social media platforms like on Instagram in the form of posts and stories, and on Reddit in the form of asking for suggestions about their life on subreddits. In the past few years, many content creators have come forward to create content to help people with their mental health. Many organizations can use stress detection to find which social media users are stressed to help them quickly. So if you want to learn how to use machine learning to detect stress on social media posts, this data science project is for you. Detection of stress from social media posts with machine learning using Python: Link in Bio.",#data�#datascience�#dataanalysis�#dataanalytics�#datascientist�#machinelearning�#python�#pythonprogramming�#pythonprojects�#pythoncode�#artificialintelligence�#ai�#deeplearning�#machinelearningprojects�#datascienceprojects�#amankharwal�#thecleverprogrammer�#machinelearningmodels�#stress�#stressdetection,2024-05-05 18:09:04.537815126,carousel
86,2407,1338,655,276,39,40,8,20,72,10,0,Data Science Use Cases: Here�s how Zomato is using your data for its future business model.,#data�#datascience�#dataanalysis�#dataanalytics�#datascientist�#machinelearning�#python�#pythonprogramming�#pythonprojects�#pythoncode�#artificialintelligence�#ai�#deeplearning�#machinelearningprojects�#datascienceprojects�#amankharwal�#thecleverprogrammer�#machinelearningmodels�#zomato�#business�#casestudy�#businessmodel,2024-06-26 21:34:47.394957982,video
87,3630,1747,1693,72,86,137,4,10,137,14,4,Here are some of the best data analysis project ideas for resume that you should try.,#data�#datascience�#dataanalysis�#dataanalytics�#datascientist�#machinelearning�#python�#pythonprogramming�#pythonprojects�#pythoncode�#artificialintelligence�#ai�#deeplearning�#machinelearningprojects�#datascienceprojects�#amankharwal�#thecleverprogrammer,2024-05-27 05:26:43.361344538,video
88,2826,2108,583,76,34,67,3,3,114,30,4,Visualizing data is one of the most valuable skills every Data Scientist and Analyst should have. There are a lot of data visualizations to learn in data science. Here you will find a list of all data visualizations for data science explained using Python.,#dataanalytics�#datascience�#data�#machinelearning�#datavisualization�#bigdata�#artificialintelligence�#datascientist�#python�#analytics�#ai�#dataanalysis�#deeplearning�#technology�#programming�#coding�#dataanalyst�#business�#pythonprogramming�#datamining�#tech�#businessintelligence�#database�#computerscience�#statistics�#powerbi�#dataanalysisprojects�#businessanalytics�#thecleverprogrammer�#amankharwal,2024-11-05 18:57:28.739495796,video
89,7407,2782,1938,2237,226,288,5,15,263,39,18,Here are some of the most important machine learning algorithms that every beginner in machine learning should know.,#data�#datascience�#dataanalysis�#dataanalytics�#datascientist�#machinelearning�#python�#pythonprogramming�#pythonprojects�#pythoncode�#artificialintelligence�#ai�#deeplearning�#machinelearningprojects�#datascienceprojects�#amankharwal�#thecleverprogrammer,2024-06-23 19:57:58.991596638,video
90,10386,4137,3551,2355,205,668,8,41,328,42,38,Here are some of the best websites that you can follow to learn everything in data science.,#data�#datascience�#dataanalysis�#dataanalytics�#datascientist�#machinelearning�#python�#pythonprogramming�#pythonprojects�#pythoncode�#artificialintelligence�#ai�#deeplearning�#machinelearningprojects�#datascienceprojects�#amankharwal�#thecleverprogrammer,2024-08-18 01:00:30.252100840,video
91,2998,1945,794,84,139,42,4,1,126,31,10,Time series analysis means analyzing and finding patterns in a time series dataset. A time-series dataset is a sequence of data collected over an interval of time. Here you will learn how to do Time Series Analysis using Python.,#timeseries�#time�#statistics�#datascience�#bigdata�#machinelearning�#python�#ai�#timeseriesanalysis�#datavisualization�#dataanalytics�#data�#iot�#analysis�#timeseriesmalaysia�#artificialintelligence�#analytics�#amankharwal�#thecleverprogrammer,2024-04-08 03:37:48.907563025,image
92,3052,2608,201,121,87,63,5,14,129,14,2,Here are all the programming languages that Google uses in the Front-end and the back-end of Google.,#programming�#coding�#programmer�#python�#developer�#javascript�#technology�#code�#coder�#java�#html�#computerscience�#tech�#css�#webdeveloper�#software�#webdevelopment�#codinglife�#softwaredeveloper�#linux�#programmingmemes�#webdesign�#programmers�#php�#programminglife�#machinelearning�#hacking�#pythonprogramming�#thecleverprogrammer�#amankharwal,2024-12-09 12:42:21.176470588,carousel
93,4628,2406,1260,861,26,144,8,3,160,10,4,"Deep Learning is a subset of machine learning. If you want to become a machine learning engineer, you should know everything about deep learning. If you are looking for some of the best free resources to learn deep learning then here are the two best free resources to learn deep learning.",#deeplearning�#machinelearning�#artificialintelligence�#datascience�#ai�#python�#coding�#technology�#programming�#bigdata�#dataanalytics�#datascientist�#data�#computerscience�#tech�#neuralnetwork�#amankharwal�#thecleverprogrammer,2024-06-29 23:11:35.798319328,video
94,4082,2195,1248,541,36,135,11,5,175,19,6,Deep learning is a subset of machine learning in which we use artificial neural networks to train models to solve complex problems where we need a large amount of data compared to other machine learning algorithms. Here are some of the best deep learning project ideas that you must try.,#deeplearning�#machinelearning�#artificialintelligence�#datascience�#ai�#python�#coding�#technology�#programming�#bigdata�#dataanalytics�#datascientist�#data�#computerscience�#tech�#neuralnetwork�#amankharwal�#thecleverprogrammer,2024-07-12 05:38:49.411764706,carousel
95,5394,2275,2975,45,65,61,19,6,147,69,6,"You must have heard or invested in any cryptocurrency once in your life. It is a digital medium of exchange that is encrypted and decentralized. If you want to know how to predict the future prices of any cryptocurrency with machine learning, this will help you. Here you will learn how to predict the future prices of bitcoin with machine learning using Python.",#data�#datascience�#dataanalysis�#dataanalytics�#datascientist�#machinelearning�#python�#pythonprogramming�#pythonprojects�#pythoncode�#artificialintelligence�#ai�#deeplearning�#machinelearningprojects�#datascienceprojects�#amankharwal�#thecleverprogrammer�#bitcoin�#cryptocurrency,2024-11-18 01:24:42.352941176,carousel
96,2766,2541,116,51,9,40,10,4,114,11,6,Here are all the programming languages that Facebook uses in the Front-end and the back-end of Facebook.,#programming�#coding�#programmer�#python�#developer�#javascript�#technology�#code�#coder�#java�#html�#computerscience�#tech�#css�#webdeveloper�#software�#webdevelopment�#codinglife�#softwaredeveloper�#linux�#programmingmemes�#webdesign�#programmers�#php�#programminglife�#machinelearning�#hacking�#pythonprogramming�#thecleverprogrammer�#amankharwal,2024-04-23 11:41:50.924369748,video
97,3924,2244,1278,326,34,139,11,3,151,19,2,Here are some of the most popular data science case studies and projects that every data science beginner should try. You can find these case studies and projects with solutions at Kaggle.,#data�#datascience�#dataanalysis�#dataanalytics�#datascientist�#machinelearning�#python�#pythonprogramming�#pythonprojects�#pythoncode�#artificialintelligence�#ai�#deeplearning�#algorithm�#algorithms�#machinelearningalgorithms�#ml�#amankharwal�#thecleverprogrammer�#projects�#casestudies,2024-03-29 22:47:23.697478991,image
98,3015,2034,771,115,41,52,11,4,92,9,2,Here�s how Amazon uses your data as an e-commerce platform. I hope this post will help you to understand how Amazon is using data science to improve the quality of its services.,#data�#datascience�#dataanalysis�#dataanalytics�#datascientist�#machinelearning�#python�#pythonprogramming�#pythonprojects�#pythoncode�#artificialintelligence�#ai�#deeplearning�#machinelearningprojects�#datascienceprojects�#amankharwal�#thecleverprogrammer�#machinelearningmodels�#zomato�#business�#casestudy�#businessmodel�#amazonfinds,2024-12-18 17:32:46.386554620,video
99,5409,2643,2006,1068,230,393,10,27,275,38,14,"Here is a complete roadmap to data science that you can follow to learn data science from scratch. All the resources to learn from are also mentioned here. Swipe>>, Save, and Share.",#data�#datascience�#dataanalysis�#dataanalytics�#datascientist�#machinelearning�#python�#pythonprogramming�#pythonprojects�#pythoncode�#artificialintelligence�#ai�#deeplearning�#machinelearningprojects�#datascienceprojects�#amankharwal�#thecleverprogrammer�#roadmap,2024-01-04 01:36:48.403361344,image
100,5323,2000,2053,988,74,152,6,13,192,42,8,"If you are looking for some trending and unique topics for working on a data science project, then here are some data science project ideas based on trending and unique topics that you can try.",#data�#datascience�#dataanalysis�#dataanalytics�#datascientist�#machinelearning�#python�#pythonprogramming�#pythonprojects�#pythoncode�#artificialintelligence�#ai�#deeplearning�#machinelearningprojects�#datascienceprojects�#amankharwal�#thecleverprogrammer,2024-06-08 11:53:56.974789916,carousel
101,8001,2261,5055,300,172,83,8,7,203,92,14,"Many countries are supporting Ukraine by introducing economic sanctions on Russia. There are a lot of tweets about the Ukraine and Russia war where people tend to update about the ground truths, what they feel about it, and who they are supporting. Here you will learn to analyze the sentiments of people over the Ukraine and Russian War. Learn how to perform twitter sentiment analysis on Ukraine and Russia War using Python from the link in bio.",#data�#datascience�#dataanalysis�#dataanalytics�#datascientist�#machinelearning�#python�#pythonprogramming�#pythonprojects�#pythoncode�#artificialintelligence�#ai�#deeplearning�#sentimentanalysis�#sentiment�#nlp�#naturallanguageprocessing�#amankharwal�#thecleverprogrammer�#ukraine,2024-03-05 09:52:56.470588235,image
102,4150,1807,1085,463,792,74,4,2,145,75,28,"Each company has its ways of creating an OTP for verification, but most of the companies have their systems programmed to generate a 6-digit random number. So here you will learn the complete process of OTP verification using Python.",#python�#pythonprogramming�#pythonprojects�#pythoncode�#pythonlearning�#pythondeveloper�#pythoncoding�#pythonprogrammer�#amankharwal�#thecleverprogrammer�#pythonprojects�#otp�#otpverification,2024-01-07 03:13:36.806722689,image
103,4609,2032,911,857,532,94,1,12,168,21,18,Here are the real world applications of Python in the industry.,#python�#pythonprogramming�#pythonprojects�#pythoncode�#pythonlearning�#pythondeveloper�#pythoncoding�#pythonprogrammer�#amankharwal�#thecleverprogrammer�#coding�#programming�#computerscience�#datascience�#webdevelopment�#machinelearning,2024-03-11 13:06:33.277310924,image
104,6348,2517,2660,737,154,188,4,15,194,26,12,"If you are a Data Science student, you must have found it hard to choose a topic for creating your first data science project as a beginner. Some universities give a list that you can choose from, while some universities give complete freedom to the students to choose any topic. So how should you choose a topic for a data science project? Here is a complete guide on how to choose a topic for a data science project.",#data�#datascience�#dataanalysis�#dataanalytics�#datascientist�#machinelearning�#python�#pythonprogramming�#pythonprojects�#pythoncode�#artificialintelligence�#ai�#deeplearning�#machinelearningprojects�#datascienceprojects�#amankharwal�#thecleverprogrammer,2024-11-11 22:11:05.546218488,carousel
105,11068,2099,2986,5634,122,214,7,8,250,39,34,Here are some of the best data science project ideas based on Social Media that you should try in 2022.,#data�#datascience�#dataanalysis�#dataanalytics�#datascientist�#machinelearning�#python�#pythonprogramming�#pythonprojects�#pythoncode�#artificialintelligence�#ai�#deeplearning�#machinelearningprojects�#datascienceprojects�#amankharwal�#thecleverprogrammer,2024-10-30 15:43:51.932773108,carousel
106,7231,1855,4156,703,309,73,8,3,171,74,26,"I have been researching Instagram reach for a long time now. Every time I post on my Instagram account, I collect data on how well the post reach after a week. That helps in understanding how Instagram's algorithm is working. Here you will learn how to perform Instagram Reach Analysis and predict the reach of your Instagram posts with machine learning using Python.",#data�#datascience�#dataanalysis�#dataanalytics�#datascientist�#machinelearning�#python�#pythonprogramming�#pythonprojects�#pythoncode�#artificialintelligence�#ai�#deeplearning�#machinelearningprojects�#datascienceprojects�#amankharwal�#thecleverprogrammer�#instagram�#instagramreach,2024-09-23 20:22:11.092436976,image
107,17396,1817,10008,5192,251,285,7,7,416,467,260,Here is a list of 100+ Machine Learning Algorithms and Models explained using Python that will help you to understand the implementation of all the machine learning algorithms and models in solving real-time business problems. You can find this list of 100+ Machine Learning Algorithms and Models from the link in bio.,#machinelearning�#machinelearningalgorithms�#datascience�#dataanalysis�#dataanalytics�#datascientist�#python�#pythonprogramming�#pythonprojects�#pythoncode�#artificialintelligence�#ai�#deeplearning�#algorithm�#algorithms�#amankharwal�#thecleverprogrammer,2024-11-27 06:15:07.563025208,image
108,6814,2816,2769,900,128,469,8,22,249,24,16,Here are some of the best websites that you can follow to learn everything in data science.,#datascience�#datasciencejobs�#datasciencetraining�#datascienceeducation�#datasciencecourse�#data�#dataanalysis�#dataanalytics�#datascientist�#machinelearning�#artificialintelligence�#ai�#deeplearning�#machinelearningprojects�#datascienceprojects�#amankharwal�#thecleverprogrammer,2024-08-14 23:23:41.848739496,video
109,17713,2449,2141,12389,561,504,3,23,308,70,96,Here are some of the best resources to learn SQL for data science.,#sql�#mysql�#datascience�#datasciencejobs�#datasciencetraining�#datascienceeducation�#datasciencecourse�#data�#dataanalysis�#dataanalytics�#datascientist�#machinelearning�#artificialintelligence�#ai�#deeplearning�#machinelearningprojects�#datascienceprojects�#amankharwal�#thecleverprogrammer,2024-09-20 18:45:22.689075628,image
110,5563,3813,362,1135,76,149,5,8,163,22,20,Here are the best Python libraries for data visualization that you should learn for data science.,#datavisualization�#datascience�#datasciencejobs�#datasciencetraining�#datascienceeducation�#datasciencecourse�#data�#dataanalysis�#dataanalytics�#datascientist�#machinelearning�#artificialintelligence�#ai�#deeplearning�#machinelearningprojects�#datascienceprojects�#amankharwal�#thecleverprogrammer,2024-09-08 12:18:09.075630252,video
111,4842,1658,694,2036,310,55,6,4,86,46,30,Learn how to create an interactive language translator using the Python programming language.,#python�#pythonprogramming�#pythoncode�#pythonlearning�#pythondeveloper�#pythonprogrammer�#pythonprojects�#python3�#pythoncoding�#pythonprogramminglanguage�#amankharwal�#thecleverprogrammer�#nlp�#naturallanguageprocessing,2024-12-31 00:00:00.000000000,image
112,11149,4439,747,5762,53,273,4,13,210,61,58,"Python is one of the best programming languages for numerical calculations. So you should know how to calculate mean, median and mode using Python without using any built-in Python library or module. Here�s how to calculate mean, median, and mode using Python.",#python�#pythonprogramming�#pythoncode�#pythonlearning�#pythondeveloper�#pythonprogrammer�#pythonprojects�#python3�#pythoncoding�#pythonprogramminglanguage�#amankharwal�#thecleverprogrammer,2024-03-02 08:16:08.067226891,video
113,10206,2371,1624,6000,117,182,10,17,172,237,100,Practice these 90+ Data Science Projects For Beginners Solved & Explained using Python. Find all these projects from the link in bio.,#datascience�#datasciencejobs�#datasciencetraining�#datascienceeducation�#datasciencecourse�#data�#dataanalysis�#dataanalytics�#datascientist�#machinelearning�#artificialintelligence�#ai�#deeplearning�#machinelearningprojects�#datascienceprojects�#amankharwal�#thecleverprogrammer,2024-07-03 00:48:24.201680672,carousel
114,13700,5185,3041,5352,77,573,2,38,373,73,80,Here are some of the best data science certifications that you can choose from in 2022.,#datascience�#datasciencejobs�#datasciencetraining�#datascienceeducation�#datasciencecourse�#data�#dataanalysis�#dataanalytics�#datascientist�#machinelearning�#artificialintelligence�#ai�#deeplearning�#machinelearningprojects�#datascienceprojects�#amankharwal�#thecleverprogrammer,2024-08-05 18:33:16.638655460,image
115,5731,1923,1368,2266,65,135,4,1,148,20,18,"Clustering is a machine learning technique used to classify data points, charaterized by some specific features into groups. It is an unsupervised machine learning method where the data we deal with is not labelled. Here are some of the best Machine Learning project ideas on Clustering that you should try.",#machinelearning�#machinelearningalgorithms�#datascience�#dataanalysis�#dataanalytics�#datascientist�#python�#pythonprogramming�#pythonprojects�#pythoncode�#artificialintelligence�#ai�#deeplearning�#algorithm�#algorithms�#amankharwal�#thecleverprogrammer�#clustering,2024-11-21 03:01:30.756302520,image
116,4139,1133,1538,1367,33,36,0,1,92,34,10,Clustering music genres is a task of grouping music based on the similarities in their audio characteristics. Here you will learn how to do clustering analysis of music genres with Machine Learning using Python.,#machinelearning�#machinelearningalgorithms�#datascience�#dataanalysis�#dataanalytics�#datascientist�#python�#pythonprogramming�#pythonprojects�#pythoncode�#artificialintelligence�#ai�#deeplearning�#algorithm�#algorithms�#amankharwal�#thecleverprogrammer�#clustering,2024-02-12 22:35:17.647058823,image
117,32695,11815,3147,17414,170,1095,2,75,549,148,214,Here are some of the best data science certifications that you can choose from in 2022.,#datascience�#datasciencejobs�#datasciencetraining�#datascienceeducation�#datasciencecourse�#data�#dataanalysis�#dataanalytics�#datascientist�#machinelearning�#artificialintelligence�#ai�#deeplearning�#machinelearningprojects�#datascienceprojects�#amankharwal�#thecleverprogrammer,2024-10-09 04:26:13.109243696,image
118,36919,13473,4176,16444,2547,653,5,26,443,611,228,175 Python Projects with Source Code solved and explained for free: Link in Bio,#python�#pythonprogramming�#pythonprojects�#pythoncode�#pythonlearning�#pythondeveloper�#pythoncoding�#pythonprogrammer�#amankharwal�#thecleverprogrammer�#pythonprojects,2024-06-05 10:17:08.571428572,video
